-- phpMyAdmin SQL Dump
-- version 4.9.0.1
-- https://www.phpmyadmin.net/
--
-- Host: 127.0.0.1
-- Generation Time: Oct 14, 2019 at 11:06 AM
-- Server version: 10.3.15-MariaDB
-- PHP Version: 7.1.30

SET SQL_MODE = "NO_AUTO_VALUE_ON_ZERO";
SET AUTOCOMMIT = 0;
START TRANSACTION;
SET time_zone = "+00:00";


/*!40101 SET @OLD_CHARACTER_SET_CLIENT=@@CHARACTER_SET_CLIENT */;
/*!40101 SET @OLD_CHARACTER_SET_RESULTS=@@CHARACTER_SET_RESULTS */;
/*!40101 SET @OLD_COLLATION_CONNECTION=@@COLLATION_CONNECTION */;
/*!40101 SET NAMES utf8mb4 */;

--
-- Database: `laravel56`
--

-- --------------------------------------------------------

--
-- Table structure for table `admins`
--

CREATE TABLE `admins` (
  `id` int(10) UNSIGNED NOT NULL,
  `name` varchar(255) COLLATE utf8mb4_unicode_ci NOT NULL,
  `email` varchar(255) COLLATE utf8mb4_unicode_ci NOT NULL,
  `phone` char(255) COLLATE utf8mb4_unicode_ci DEFAULT NULL,
  `avatar` varchar(255) COLLATE utf8mb4_unicode_ci DEFAULT NULL,
  `active` tinyint(4) NOT NULL DEFAULT 1,
  `password` varchar(255) COLLATE utf8mb4_unicode_ci NOT NULL,
  `remember_token` varchar(100) COLLATE utf8mb4_unicode_ci DEFAULT NULL,
  `created_at` timestamp NULL DEFAULT NULL,
  `updated_at` timestamp NULL DEFAULT NULL,
  `role` tinyint(4) NOT NULL DEFAULT 1,
  `username` varchar(255) COLLATE utf8mb4_unicode_ci NOT NULL
) ENGINE=InnoDB DEFAULT CHARSET=utf8mb4 COLLATE=utf8mb4_unicode_ci;

--
-- Dumping data for table `admins`
--

INSERT INTO `admins` (`id`, `name`, `email`, `phone`, `avatar`, `active`, `password`, `remember_token`, `created_at`, `updated_at`, `role`, `username`) VALUES
(1, 'Trương Ngọc Tân', 'parksaming@gmail.com', '0905819501', NULL, 1, '$2y$10$Yn7TtI/SQj7g5prpSCoof.C7Pt/9rWAYv73.CPjZKOpl7HpwiqSxa', NULL, NULL, NULL, 1, 'admin'),
(2, 'Nguyen Minh', 'minhnh6fpt@gmail.com', '0935105268', NULL, 1, '$2y$10$ELR94QpS/knnrwXoH0HcI.dka1k8/LN/j17Z3CW6mZIJjned4i832', 'TMyzzxl5VPSUu0uoE7Y3eutBzwxAFHGzlvKIYFdQ', '2019-10-01 15:49:26', '2019-10-01 15:49:26', 2, 'user'),
(3, 'truong ngoc tan', 'parksaming1999@gmail.com', '0905819501', NULL, 1, '$2y$10$h.JAoH1fzZCV5nanuiTD5Od7pZI2egGN5i9GjdZIJG6dPiwg.bLhm', 'TMyzzxl5VPSUu0uoE7Y3eutBzwxAFHGzlvKIYFdQ', '2019-10-01 15:49:49', '2019-10-01 15:49:49', 1, 'tan'),
(4, 'Jayson Michel', 'tan.vinaenter@gmail.com', '0905819501', NULL, 1, '$2y$10$pw9eZh6.evgdhk.5AYP4leRJzgVif9rT5VTJtBrsnV4bId0Rdsn9K', 'SJF07GE3aBA0xHV9iWWPAXgJVy0mFRy5i2uFuueV', '2019-10-11 13:48:52', '2019-10-11 13:48:52', 1, 'admindemo');

-- --------------------------------------------------------

--
-- Table structure for table `articles`
--

CREATE TABLE `articles` (
  `id` int(10) UNSIGNED NOT NULL,
  `a_name` varchar(255) COLLATE utf8mb4_unicode_ci DEFAULT NULL,
  `a_slug` varchar(255) COLLATE utf8mb4_unicode_ci NOT NULL,
  `a_description` varchar(255) COLLATE utf8mb4_unicode_ci DEFAULT NULL,
  `a_content` longtext COLLATE utf8mb4_unicode_ci DEFAULT NULL,
  `a_active` tinyint(4) NOT NULL DEFAULT 1,
  `a_author_id` int(11) NOT NULL DEFAULT 0,
  `a_description_seo` varchar(255) COLLATE utf8mb4_unicode_ci DEFAULT NULL,
  `a_title_seo` varchar(255) COLLATE utf8mb4_unicode_ci DEFAULT NULL,
  `a_avatar` varchar(255) COLLATE utf8mb4_unicode_ci DEFAULT NULL,
  `a_view` int(11) NOT NULL DEFAULT 0,
  `created_at` timestamp NULL DEFAULT NULL,
  `updated_at` timestamp NULL DEFAULT NULL,
  `a_hot` tinyint(4) NOT NULL DEFAULT 0
) ENGINE=InnoDB DEFAULT CHARSET=utf8mb4 COLLATE=utf8mb4_unicode_ci;

--
-- Dumping data for table `articles`
--

INSERT INTO `articles` (`id`, `a_name`, `a_slug`, `a_description`, `a_content`, `a_active`, `a_author_id`, `a_description_seo`, `a_title_seo`, `a_avatar`, `a_view`, `created_at`, `updated_at`, `a_hot`) VALUES
(1, 'Qualcomm đã nối lại giao dịch với Huawei?', 'qualcomm-da-noi-lai-giao-dich-voi-huawei', 'CEO của Qualcomm, Steve Mollenkopf, mới đây đã xác nhận rằng, công ty của ông hiện đã nối lại giao dịch với Huawei. Theo Mollenkopf, Qualcomm cũng...', '<p>\r\n	&nbsp;</p>\r\n<div class=\"imgwrap\" style=\"margin: 5px 0px 0px; padding: 0px; position: relative; min-height: 100px; background: rgb(241, 241, 241); color: rgb(51, 51, 51); font-family: Helvetica, Arial, &quot;DejaVu Sans&quot;, &quot;Liberation Sans&quot;, Freesans, sans-serif; font-size: 14px;\">\r\n	<img alt=\"Qualcomm đã nối lại giao dịch với Huawei\" data-original=\"https://cdn.tgdd.vn/Files/2019/09/25/1201657/1_800x450.jpg\" src=\"https://cdn.tgdd.vn/Files/2019/09/25/1201657/1_800x450.jpg\" style=\"margin: 0px auto; padding: 0px; border: 0px; display: block; width: auto; height: auto; max-width: 100%;\" title=\"Qualcomm đã nối lại giao dịch với Huawei\" /></div>\r\n<h2 style=\"margin: 20px auto; padding: 0px; font-variant-numeric: normal; font-variant-east-asian: normal; font-weight: normal; font-stretch: normal; font-size: 16px; line-height: 28px; font-family: Helvetica, Arial, &quot;DejaVu Sans&quot;, &quot;Liberation Sans&quot;, Freesans, sans-serif; color: rgb(51, 51, 51); outline: none; zoom: 1; width: 600px;\">\r\n	Kể từ khi&nbsp;<a href=\"https://www.thegioididong.com/dtdd-huawei\" style=\"margin: 0px; padding: 0px; text-decoration-line: none; font-variant-numeric: normal; font-variant-east-asian: normal; font-stretch: normal; line-height: 18px; color: rgb(40, 138, 214); outline: none; zoom: 1;\" target=\"_blank\" title=\"Huawei\">Huawei</a>&nbsp;bị ch&iacute;nh phủ Mỹ cấm vận, một số đối t&aacute;c quan trọng như Qualcomm cũng chịu thiệt hại kh&ocirc;ng hề nhỏ.</h2>\r\n<p style=\"margin: 20px auto; padding: 0px; margin-block-start: 0px; margin-block-end: 0px; text-rendering: geometricprecision; width: 600px; font-size: 16px; color: rgb(51, 51, 51); line-height: 28px; font-family: Helvetica, Arial, &quot;DejaVu Sans&quot;, &quot;Liberation Sans&quot;, Freesans, sans-serif;\">\r\n	CEO của Qualcomm, Steve Mollenkopf, mới đ&acirc;y đ&atilde; x&aacute;c nhận rằng, c&ocirc;ng ty của &ocirc;ng hiện đ&atilde; nối lại giao dịch với Huawei. Theo Mollenkopf, Qualcomm cũng đang t&igrave;m c&aacute;ch đảm bảo một thỏa thuận cung cấp d&agrave;i hạn với Huawei nhưng &ocirc;ng kh&ocirc;ng tiết lộ những sản phẩm n&agrave;o sẽ được giao dịch.</p>\r\n<p style=\"margin: 20px auto; padding: 0px; margin-block-start: 0px; margin-block-end: 0px; text-rendering: geometricprecision; width: 600px; font-size: 16px; color: rgb(51, 51, 51); line-height: 28px; font-family: Helvetica, Arial, &quot;DejaVu Sans&quot;, &quot;Liberation Sans&quot;, Freesans, sans-serif;\">\r\n	V&agrave;o th&aacute;ng 7/2019, Bộ Thương mại Hoa Kỳ tuy&ecirc;n bố sẽ bắt đầu cấp giấy ph&eacute;p đặc biệt cho c&aacute;c c&ocirc;ng ty Mỹ muốn tiếp tục mối quan hệ kinh doanh với Huawei. Tuy nhi&ecirc;n, c&oacute; 1 điểm đ&aacute;ng ch&uacute; &yacute;, đ&oacute; l&agrave; c&aacute;c c&ocirc;ng ty Mỹ sẽ chỉ được ph&eacute;p b&aacute;n c&aacute;c linh kiện đ&atilde; phổ biến tr&ecirc;n thị trường, trong đ&oacute; c&oacute; danh s&aacute;ch những vi xử l&yacute;&nbsp;<a href=\"https://www.thegioididong.com/dtdd\" style=\"margin: 0px; padding: 0px; text-decoration-line: none; color: rgb(40, 138, 214);\" target=\"_blank\" title=\"di động\">di động</a>.</p>\r\n<p style=\"margin: 20px auto; padding: 0px; margin-block-start: 0px; margin-block-end: 0px; text-rendering: geometricprecision; width: 600px; font-size: 16px; color: rgb(51, 51, 51); line-height: 28px; font-family: Helvetica, Arial, &quot;DejaVu Sans&quot;, &quot;Liberation Sans&quot;, Freesans, sans-serif;\">\r\n	V&agrave;o th&aacute;ng 8/2019, Huawei đ&atilde; được gia hạn th&ecirc;m 90 ng&agrave;y để tiếp tục giao dịch với c&aacute;c c&ocirc;ng ty Mỹ. Cuối th&aacute;ng đ&oacute;, c&aacute;c nguồn tin cho hay, đ&atilde; c&oacute; hơn 130 c&ocirc;ng ty Mỹ nộp đơn xin giấy ph&eacute;p đặc biệt.</p>\r\n<p style=\"margin: 20px auto; padding: 0px; margin-block-start: 0px; margin-block-end: 0px; text-rendering: geometricprecision; width: 600px; font-size: 16px; color: rgb(51, 51, 51); line-height: 28px; font-family: Helvetica, Arial, &quot;DejaVu Sans&quot;, &quot;Liberation Sans&quot;, Freesans, sans-serif;\">\r\n	Mặc d&ugrave; đ&atilde; sản xuất chip ri&ecirc;ng, nhưng Huawei vẫn phải dựa v&agrave;o Qualcomm mới đ&aacute;p ứng đủ số lượng chip cần thiết cho smartphone của họ. Được biết, chỉ ri&ecirc;ng trong năm 2018, Huawei đ&atilde; chi khoảng 11 tỷ USD cho việc giao dịch với c&aacute;c c&ocirc;ng ty Mỹ bao gồm Qualcomm, Intel v&agrave; Micron.</p>', 1, 0, 'Qualcomm đã nối lại giao dịch với Huawei', 'Qualcomm đã nối lại giao dịch với Huawei', '2019-09-26__2-800x450-300x200.jpg', 0, '2019-08-20 09:15:36', '2019-10-02 08:05:29', 1),
(2, 'Cách chuyển file từ Laptop sang iPhone không dùng cáp nhanh nhất', 'cach-chuyen-file-tu-laptop-sang-iphone-khong-dung-cap-nhanh-nhat', 'cach su dung dien thoai 1999', 'cach su dung dien thoai 1999', 1, 0, 'cach su dung dien thoai 1999', 'cach su dung dien thoai 1999', '2019-08-21__cach-chuyen-file-tu-laptop-pc-sang-iphone-ipad-thumb.jpg', 0, '2019-08-20 09:32:40', '2019-10-02 08:05:42', 1),
(4, 'Khe cắm thẻ nhớ trên Laptop để làm gì? Công dụng của từng loại.', 'khe-cam-the-nho-tren-laptop-de-lam-gi-cong-dung-cua-tung-loai', 'Khe cắm thẻ nhớ trên Laptop để làm gì? Công dụng của từng loại.', 'Khe cắm thẻ nhớ trên Laptop để làm gì? Công dụng của từng loại.', 1, 0, 'Khe cắm thẻ nhớ trên Laptop để làm gì? Công dụng của từng loại.', 'Khe cắm thẻ nhớ trên Laptop để làm gì? Công dụng của từng loại.', '2019-08-21__khe-cam-the-nho-tren-lap-top.jpg', 0, '2019-08-21 02:44:20', '2019-09-26 09:44:49', 0),
(5, 'Cách đăng ảnh lên Instagram bằng máy tính đơn giản nhất', 'cach-dang-anh-len-instagram-bang-may-tinh-don-gian-nhat', 'Cách đăng ảnh lên Instagram bằng máy tính đơn giản nhất', 'Cách đăng ảnh lên Instagram bằng máy tính đơn giản nhất', 1, 0, 'Cách đăng ảnh lên Instagram bằng máy tính đơn giản nhất', 'Cách đăng ảnh lên Instagram bằng máy tính đơn giản nhất', '2019-08-21__cach-dang-anh-len-instagram-bang-may-tinh-khong-thumb.jpg', 0, '2019-08-21 02:46:27', '2019-10-02 08:05:34', 1),
(7, 'Cách khôi phục cài đặt gốc trên Nokia 8 nhanh nhất 2019', 'cach-khoi-phuc-cai-dat-goc-tren-nokia-8-nhanh-nhat-2019', 'Nếu một ngày chiếc điện thoại Nokia 8 của bạn trở nên chậm chạp, hay bị treo thì giải pháp tối ưu nhất đó là khôi...', '<p style=\"margin: 10px 0px; padding: 0px; margin-block-start: 0px; margin-block-end: 0px; text-rendering: geometricprecision; overflow: hidden; font-size: 16px; line-height: 26px; color: rgb(51, 51, 51); font-family: Helvetica, Arial, &quot;DejaVu Sans&quot;, &quot;Liberation Sans&quot;, Freesans, sans-serif;\">\r\n	<strong style=\"margin: 0px; padding: 0px;\">Bước 1:</strong>&nbsp;Từ Menu giao diện ch&iacute;nh của m&agrave;n h&igrave;nh bạn truy cập v&agrave;o mục&nbsp;<strong style=\"margin: 0px; padding: 0px;\">C&agrave;i đặt&nbsp;</strong>tr&ecirc;n điện thoại.</p>\r\n<p style=\"margin: 10px 0px; padding: 0px; margin-block-start: 0px; margin-block-end: 0px; text-rendering: geometricprecision; overflow: hidden; font-size: 16px; line-height: 26px; color: rgb(51, 51, 51); font-family: Helvetica, Arial, &quot;DejaVu Sans&quot;, &quot;Liberation Sans&quot;, Freesans, sans-serif;\">\r\n	<img alt=\"Bước 1: Từ Menu giao diện chính của màn hình bạn truy cập vào mục Cài đặt trên điện thoại.\" class=\"lazy\" data-original=\"//cdn2.tgdd.vn/hoi-dap/1036180/cach-khoi-phuc-cai-dat-goc-tren-nokia-8-buoc1.jpg\" src=\"//cdn.tgdd.vn/hoi-dap/1036180/cach-khoi-phuc-cai-dat-goc-tren-nokia-8-buoc1.jpg\" style=\"margin: 15px auto; padding: 0px; border: 0px; display: block; max-width: 100%; height: auto; min-height: 200px;\" title=\"Bước 1: Từ Menu giao diện chính của màn hình bạn truy cập vào mục Cài đặt trên điện thoại.\" /></p>\r\n<p style=\"margin: 10px 0px; padding: 0px; margin-block-start: 0px; margin-block-end: 0px; text-rendering: geometricprecision; overflow: hidden; font-size: 16px; line-height: 26px; color: rgb(51, 51, 51); font-family: Helvetica, Arial, &quot;DejaVu Sans&quot;, &quot;Liberation Sans&quot;, Freesans, sans-serif;\">\r\n	<strong style=\"margin: 0px; padding: 0px;\">Bước 2:</strong>&nbsp;Bạn t&igrave;m v&agrave; chọn mục&nbsp;<strong style=\"margin: 0px; padding: 0px;\">Hệ thống</strong>&nbsp;trong phần&nbsp;<strong style=\"margin: 0px; padding: 0px;\">C&agrave;i đặt</strong>.</p>\r\n<p style=\"margin: 10px 0px; padding: 0px; margin-block-start: 0px; margin-block-end: 0px; text-rendering: geometricprecision; overflow: hidden; font-size: 16px; line-height: 26px; color: rgb(51, 51, 51); font-family: Helvetica, Arial, &quot;DejaVu Sans&quot;, &quot;Liberation Sans&quot;, Freesans, sans-serif;\">\r\n	<img alt=\"Bước 2: Bạn tìm và chọn mục Hệ thống trong phần Cài đặt.\" class=\"lazy\" data-original=\"//cdn3.tgdd.vn/hoi-dap/1036180/cach-khoi-phuc-cai-dat-goc-tren-nokia-8-buoc2.jpg\" src=\"//cdn.tgdd.vn/hoi-dap/1036180/cach-khoi-phuc-cai-dat-goc-tren-nokia-8-buoc2.jpg\" style=\"margin: 15px auto; padding: 0px; border: 0px; display: block; max-width: 100%; height: auto; min-height: 200px;\" title=\"Bước 2: Bạn tìm và chọn mục Hệ thống trong phần Cài đặt.\" /></p>\r\n<p style=\"margin: 10px 0px; padding: 0px; margin-block-start: 0px; margin-block-end: 0px; text-rendering: geometricprecision; overflow: hidden; font-size: 16px; line-height: 26px; color: rgb(51, 51, 51); font-family: Helvetica, Arial, &quot;DejaVu Sans&quot;, &quot;Liberation Sans&quot;, Freesans, sans-serif;\">\r\n	&gt;&gt;&gt;Xem th&ecirc;m:&nbsp;<a href=\"http://www.thegioididong.com/hoi-dap/khac-phuc-loi-man-hinh-khoa-bi-vo-hieu-hoa-tren-649989\" style=\"margin: 0px; padding: 0px; text-decoration-line: none; color: rgb(40, 138, 214);\" target=\"_blank\">Khắc phục lỗi m&agrave;n h&igrave;nh kh&oacute;a bị v&ocirc; hiệu h&oacute;a tr&ecirc;n Zenfone Android 5.0</a></p>\r\n<p style=\"margin: 10px 0px; padding: 0px; margin-block-start: 0px; margin-block-end: 0px; text-rendering: geometricprecision; overflow: hidden; font-size: 16px; line-height: 26px; color: rgb(51, 51, 51); font-family: Helvetica, Arial, &quot;DejaVu Sans&quot;, &quot;Liberation Sans&quot;, Freesans, sans-serif;\">\r\n	<strong style=\"margin: 0px; padding: 0px;\">Bước 3:</strong>&nbsp;Tiếp đến bạn cần chọn&nbsp;<strong style=\"margin: 0px; padding: 0px;\">T&ugrave;y chọn đặt lại</strong>.</p>\r\n<p style=\"margin: 10px 0px; padding: 0px; margin-block-start: 0px; margin-block-end: 0px; text-rendering: geometricprecision; overflow: hidden; font-size: 16px; line-height: 26px; color: rgb(51, 51, 51); font-family: Helvetica, Arial, &quot;DejaVu Sans&quot;, &quot;Liberation Sans&quot;, Freesans, sans-serif;\">\r\n	<img alt=\"Bước 3: Tiếp đến bạn cần chọn Tùy chọn đặt lại.\" class=\"lazy\" data-original=\"//cdn4.tgdd.vn/hoi-dap/1036180/cach-khoi-phuc-cai-dat-goc-tren-nokia-8-buoc3.jpg\" src=\"//cdn.tgdd.vn/hoi-dap/1036180/cach-khoi-phuc-cai-dat-goc-tren-nokia-8-buoc3.jpg\" style=\"margin: 15px auto; padding: 0px; border: 0px; display: block; max-width: 100%; height: auto; min-height: 200px;\" title=\"Bước 3: Tiếp đến bạn cần chọn Tùy chọn đặt lại.\" /></p>\r\n<p style=\"margin: 10px 0px; padding: 0px; margin-block-start: 0px; margin-block-end: 0px; text-rendering: geometricprecision; overflow: hidden; font-size: 16px; line-height: 26px; color: rgb(51, 51, 51); font-family: Helvetica, Arial, &quot;DejaVu Sans&quot;, &quot;Liberation Sans&quot;, Freesans, sans-serif;\">\r\n	<strong style=\"margin: 0px; padding: 0px;\">Bước 4:</strong>&nbsp;Bạn tiếp tục chọn mục&nbsp;<strong style=\"margin: 0px; padding: 0px;\">X&oacute;a mọi dữ liệu (đặt lại thiết bị)</strong>&nbsp;để tiến h&agrave;nh kh&ocirc;i phục c&agrave;i đặt gốc tr&ecirc;n&nbsp;<a href=\"http://www.thegioididong.com/dtdd/nokia-8\" style=\"margin: 0px; padding: 0px; text-decoration-line: none; color: rgb(40, 138, 214);\" target=\"_blank\">Nokia 8</a>.</p>\r\n<p style=\"margin: 10px 0px; padding: 0px; margin-block-start: 0px; margin-block-end: 0px; text-rendering: geometricprecision; overflow: hidden; font-size: 16px; line-height: 26px; color: rgb(51, 51, 51); font-family: Helvetica, Arial, &quot;DejaVu Sans&quot;, &quot;Liberation Sans&quot;, Freesans, sans-serif;\">\r\n	<img alt=\"Bước 4: Bạn tiếp tục chọn mục Xóa mọi dữ liệu (đặt lại thiết bị) để tiến hành khôi phục cài đặt gốc trên Nokia 8.\" class=\"lazy\" data-original=\"//cdn.tgdd.vn/hoi-dap/1036180/cach-khoi-phuc-cai-dat-goc-tren-nokia-8-buoc4.jpg\" src=\"//cdn.tgdd.vn/hoi-dap/1036180/cach-khoi-phuc-cai-dat-goc-tren-nokia-8-buoc4.jpg\" style=\"margin: 15px auto; padding: 0px; border: 0px; display: block; max-width: 100%; height: auto; min-height: 200px;\" title=\"Bước 4: Bạn tiếp tục chọn mục Xóa mọi dữ liệu (đặt lại thiết bị) để tiến hành khôi phục cài đặt gốc trên Nokia 8.\" /></p>\r\n<p style=\"margin: 10px 0px; padding: 0px; margin-block-start: 0px; margin-block-end: 0px; text-rendering: geometricprecision; overflow: hidden; font-size: 16px; line-height: 26px; color: rgb(51, 51, 51); font-family: Helvetica, Arial, &quot;DejaVu Sans&quot;, &quot;Liberation Sans&quot;, Freesans, sans-serif;\">\r\n	<strong style=\"margin: 0px; padding: 0px;\">Bước 5:</strong>&nbsp;Thực hiện x&aacute;c nhận kh&ocirc;i phục c&agrave;i đặt gốc bằng c&aacute;ch ấn chọn&nbsp;<strong style=\"margin: 0px; padding: 0px;\">ĐẶT LẠI ĐIỆN THOẠI</strong>.</p>\r\n<p style=\"margin: 10px 0px; padding: 0px; margin-block-start: 0px; margin-block-end: 0px; text-rendering: geometricprecision; overflow: hidden; font-size: 16px; line-height: 26px; color: rgb(51, 51, 51); font-family: Helvetica, Arial, &quot;DejaVu Sans&quot;, &quot;Liberation Sans&quot;, Freesans, sans-serif;\">\r\n	<img alt=\"Bước 5: Thực hiện xác nhận khôi phục cài đặt gốc bằng cách ấn chọn ĐẶT LẠI ĐIỆN THOẠI.\" class=\"lazy\" data-original=\"//cdn1.tgdd.vn/hoi-dap/1036180/cach-khoi-phuc-cai-dat-goc-tren-nokia-8-buoc5.jpg\" src=\"//cdn.tgdd.vn/hoi-dap/1036180/cach-khoi-phuc-cai-dat-goc-tren-nokia-8-buoc5.jpg\" style=\"margin: 15px auto; padding: 0px; border: 0px; display: block; max-width: 100%; height: auto; min-height: 200px;\" title=\"Bước 5: Thực hiện xác nhận khôi phục cài đặt gốc bằng cách ấn chọn ĐẶT LẠI ĐIỆN THOẠI.\" /></p>\r\n<p style=\"margin: 10px 0px; padding: 0px; margin-block-start: 0px; margin-block-end: 0px; text-rendering: geometricprecision; overflow: hidden; font-size: 16px; line-height: 26px; color: rgb(51, 51, 51); font-family: Helvetica, Arial, &quot;DejaVu Sans&quot;, &quot;Liberation Sans&quot;, Freesans, sans-serif;\">\r\n	Như vậy chỉ với c&aacute;c bước thực hiện v&ocirc; c&ugrave;ng đơn giản l&agrave; bạn đ&atilde; c&oacute; thể kh&ocirc;i phục c&agrave;i đặt gốc tr&ecirc;n&nbsp;<a href=\"http://www.thegioididong.com/dtdd/nokia-8\" style=\"margin: 0px; padding: 0px; text-decoration-line: none; color: rgb(40, 138, 214);\" target=\"_blank\">Nokia 8</a>&nbsp;rồi. Ch&uacute;c bạn th&agrave;nh c&ocirc;ng!</p>', 1, 0, 'Cách khôi phục cài đặt gốc trên Nokia 8 nhanh nhất 2019', 'Cách khôi phục cài đặt gốc trên Nokia 8 nhanh nhất 2019', '2019-08-29__cach-khoi-phuc-cai-dat-goc-tren-nokia-8-thumb.jpg', 0, '2019-08-29 03:04:40', '2019-10-02 08:05:32', 1);

-- --------------------------------------------------------

--
-- Table structure for table `categories`
--

CREATE TABLE `categories` (
  `id` int(10) UNSIGNED NOT NULL,
  `c_name` varchar(255) COLLATE utf8mb4_unicode_ci NOT NULL,
  `c_slug` varchar(255) COLLATE utf8mb4_unicode_ci NOT NULL,
  `c_icon` char(255) COLLATE utf8mb4_unicode_ci DEFAULT NULL,
  `c_avatar` varchar(255) COLLATE utf8mb4_unicode_ci DEFAULT NULL,
  `c_active` tinyint(4) NOT NULL DEFAULT 1,
  `c_total_product` int(11) NOT NULL DEFAULT 0,
  `c_title_seo` varchar(255) COLLATE utf8mb4_unicode_ci DEFAULT NULL,
  `c_description_seo` varchar(255) COLLATE utf8mb4_unicode_ci DEFAULT NULL,
  `c_keyword_seo` varchar(255) COLLATE utf8mb4_unicode_ci DEFAULT NULL,
  `created_at` timestamp NULL DEFAULT NULL,
  `updated_at` timestamp NULL DEFAULT NULL,
  `c_home` tinyint(4) NOT NULL DEFAULT 0,
  `parent_id` int(11) NOT NULL
) ENGINE=InnoDB DEFAULT CHARSET=utf8mb4 COLLATE=utf8mb4_unicode_ci;

--
-- Dumping data for table `categories`
--

INSERT INTO `categories` (`id`, `c_name`, `c_slug`, `c_icon`, `c_avatar`, `c_active`, `c_total_product`, `c_title_seo`, `c_description_seo`, `c_keyword_seo`, `created_at`, `updated_at`, `c_home`, `parent_id`) VALUES
(1, 'Máy giặt', 'may-giat', 'fa-laptop', NULL, 1, 0, 'Máy giặt', NULL, NULL, '2019-08-19 03:42:48', '2019-09-27 13:01:16', 0, 0),
(2, 'Máy lạnh', 'may-lanh', 'fa-laptop', NULL, 1, 0, 'máy lạnh', 'máy lạnh', NULL, '2019-08-19 03:55:51', '2019-09-26 04:44:23', 0, 0),
(3, 'Loa', 'loa', 'fa-mobilexx', NULL, 1, 0, 'Loa', 'Loa', NULL, '2019-08-19 04:03:14', '2019-09-26 04:45:16', 0, 0),
(18, 'Điện gia dụng', 'dien-gia-dung', 'fa-laptop', NULL, 1, 0, 'Điện gia dụng', 'Điện gia dụng', NULL, '2019-08-28 07:11:21', '2019-09-26 04:44:36', 0, 0),
(20, 'Tivi', 'tivi', 'fa fa-home', NULL, 1, 0, 'Tivi sony mới nhất 2019', 'Tivi sony mới nhất 2019', NULL, '2019-09-16 22:53:43', '2019-09-27 13:38:20', 0, 0),
(21, 'Tủ lạnh', 'tu-lanh', 'fa fa-home', NULL, 1, 0, 'Tủ lạnh', 'Tủ lạnh', NULL, '2019-09-17 02:06:18', '2019-09-26 04:45:13', 0, 0),
(22, 'Quạt điều hòa', 'quat-dieu-hoa', 'fa-laptop', NULL, 1, 0, 'Quạt điều hòa', 'Quạt điều hòa', NULL, '2019-09-26 04:41:55', '2019-09-26 04:41:58', 0, 0),
(24, 'Máy giặt LG', 'may-giat-lg', 'fa-laptop', NULL, 1, 0, 'Máy giặt LG', 'Máy giặt LG', NULL, '2019-10-08 16:10:44', '2019-10-08 16:10:44', 0, 1),
(25, 'Máy giặt LG New 2019', 'may-giat-lg-new-2019', 'fa fa-home', NULL, 1, 0, 'Máy giặt LG New 2019', 'Máy giặt LG New 2019', NULL, '2019-10-08 16:27:05', '2019-10-08 16:33:52', 0, 24);

-- --------------------------------------------------------

--
-- Table structure for table `contacts`
--

CREATE TABLE `contacts` (
  `id` int(10) UNSIGNED NOT NULL,
  `c_name` varchar(255) COLLATE utf8mb4_unicode_ci DEFAULT NULL,
  `c_email` varchar(255) COLLATE utf8mb4_unicode_ci DEFAULT NULL,
  `c_title` varchar(255) COLLATE utf8mb4_unicode_ci DEFAULT NULL,
  `c_phone` int(11) DEFAULT NULL,
  `c_content` text COLLATE utf8mb4_unicode_ci DEFAULT NULL,
  `c_status` tinyint(4) NOT NULL DEFAULT 0,
  `created_at` timestamp NULL DEFAULT NULL,
  `updated_at` timestamp NULL DEFAULT NULL
) ENGINE=InnoDB DEFAULT CHARSET=utf8mb4 COLLATE=utf8mb4_unicode_ci;

--
-- Dumping data for table `contacts`
--

INSERT INTO `contacts` (`id`, `c_name`, `c_email`, `c_title`, `c_phone`, `c_content`, `c_status`, `created_at`, `updated_at`) VALUES
(1, 'truong ngoc tan', 'parksaming@gmail.com', 'Gửi mail', 905819501, 'Nội dung của bạn chưa phù hợp', 1, NULL, '2019-08-28 01:29:06'),
(2, 'truong ngoc tan', 'parksaming@gmail.com', 'đâ', 905819501, 'sdsadadas', 1, NULL, '2019-09-27 13:10:33'),
(3, 'truong ngoc tan1', 'minhnh6fpt@gmail.com', 'Mua hàng', 935105268, 'Mua hàng chưa được', 0, '2019-08-22 08:08:51', '2019-08-28 01:24:57');

-- --------------------------------------------------------

--
-- Table structure for table `discounts`
--

CREATE TABLE `discounts` (
  `id` int(10) UNSIGNED NOT NULL,
  `d_name` varchar(255) COLLATE utf8mb4_unicode_ci NOT NULL,
  `d_qty` tinyint(4) NOT NULL DEFAULT 0,
  `d_val` tinyint(4) NOT NULL DEFAULT 0,
  `d_active` tinyint(4) NOT NULL DEFAULT 1,
  `created_at` timestamp NULL DEFAULT NULL,
  `updated_at` timestamp NULL DEFAULT NULL
) ENGINE=InnoDB DEFAULT CHARSET=utf8mb4 COLLATE=utf8mb4_unicode_ci;

--
-- Dumping data for table `discounts`
--

INSERT INTO `discounts` (`id`, `d_name`, `d_qty`, `d_val`, `d_active`, `created_at`, `updated_at`) VALUES
(1, 'DXDI99', 99, 99, 1, '2019-10-01 16:19:22', '2019-10-03 08:09:29'),
(2, 'PA4ZE3', 8, 5, 1, '2019-10-01 16:22:25', '2019-10-01 16:22:25'),
(3, 'AA4ZE3', 8, 9, 1, '2019-10-02 03:25:57', '2019-10-02 03:25:57'),
(4, 'PA4ZE2', 10, 5, 1, '2019-10-02 16:09:13', '2019-10-02 16:09:13'),
(5, 'PA4Z99', 99, 3, 1, '2019-10-02 16:14:28', '2019-10-02 16:14:28'),
(6, 'YZ4Z33', 55, 33, 1, '2019-10-03 04:26:55', '2019-10-10 05:25:30'),
(7, 'DXDI11', 11, 11, 1, '2019-10-03 08:01:12', '2019-10-03 08:09:17');

-- --------------------------------------------------------

--
-- Table structure for table `migrations`
--

CREATE TABLE `migrations` (
  `id` int(10) UNSIGNED NOT NULL,
  `migration` varchar(255) COLLATE utf8mb4_unicode_ci NOT NULL,
  `batch` int(11) NOT NULL
) ENGINE=InnoDB DEFAULT CHARSET=utf8mb4 COLLATE=utf8mb4_unicode_ci;

--
-- Dumping data for table `migrations`
--

INSERT INTO `migrations` (`id`, `migration`, `batch`) VALUES
(1, '2014_10_12_000000_create_users_table', 1),
(2, '2014_10_12_100000_create_password_resets_table', 1),
(3, '2019_08_19_091052_create_categories_table', 1),
(4, '2019_08_20_045032_create_products_table', 2),
(5, '2019_08_20_053511_alter_column_pro_content_and_pro_title_seo_in_table_products', 3),
(7, '2019_08_20_152905_create_article_table', 4),
(8, '2019_08_22_102709_create__contact_table', 5),
(9, '2019_08_24_094845_create_transactions_table', 6),
(10, '2019_08_24_095007_create_orders_table', 6),
(11, '2019_08_24_100515_alter_column_pro_pay_in_table_products', 7),
(12, '2019_08_25_045637_alter_column_tr_username_in_table_transactions', 8),
(13, '2019_08_27_113220_create_ratings_table', 9),
(14, '2019_08_27_113622_alter_column_rating_in_table_products', 9),
(37, '2019_08_28_155143_alter_column_total_pay_in_table_users', 10),
(38, '2019_09_16_080132_create_page_statics_table', 10),
(39, '2019_09_17_155333_alter_column_c_home_in_table_categories', 10),
(40, '2019_09_18_093845_create_admins_table', 10),
(41, '2019_09_19_080149_alter_column_a_hot_in_articles', 10),
(42, '2019_09_19_114204_alter_column_about_end_address_in_table_users', 10),
(43, '2019_09_20_084759_alter_column_code_and_time_code_table_users', 10),
(44, '2019_09_20_171837_alter_column_code_active_table_users', 10),
(45, '2019_09_24_235815_alter_column_tr_payment_table_transactions', 10),
(46, '2019_09_25_191707_alter_column_role_table_admins', 10),
(47, '2019_09_25_193102_alter_column_username_table_admins', 10),
(48, '2019_10_01_225240_create_discounts_table', 11);

-- --------------------------------------------------------

--
-- Table structure for table `orders`
--

CREATE TABLE `orders` (
  `id` int(10) UNSIGNED NOT NULL,
  `or_transaction_id` int(11) NOT NULL DEFAULT 0,
  `or_product_id` int(11) NOT NULL DEFAULT 0,
  `or_qty` tinyint(4) NOT NULL DEFAULT 0,
  `or_price` int(11) NOT NULL DEFAULT 0,
  `or_sale` tinyint(4) NOT NULL DEFAULT 0,
  `created_at` timestamp NULL DEFAULT NULL,
  `updated_at` timestamp NULL DEFAULT NULL
) ENGINE=InnoDB DEFAULT CHARSET=utf8mb4 COLLATE=utf8mb4_unicode_ci;

--
-- Dumping data for table `orders`
--

INSERT INTO `orders` (`id`, `or_transaction_id`, `or_product_id`, `or_qty`, `or_price`, `or_sale`, `created_at`, `updated_at`) VALUES
(1, 1, 3, 1, 0, 0, NULL, NULL),
(2, 2, 2, 1, 40000, 0, NULL, NULL),
(3, 3, 3, 2, 4000000, 0, NULL, NULL),
(4, 4, 3, 1, 4000000, 0, NULL, NULL),
(5, 4, 1, 1, 50000, 0, NULL, NULL),
(6, 5, 3, 2, 4000000, 0, NULL, NULL),
(7, 5, 2, 1, 4000000, 0, NULL, NULL),
(8, 6, 2, 1, 4000000, 0, NULL, NULL),
(9, 6, 1, 1, 5000000, 0, NULL, NULL),
(10, 7, 2, 1, 4000000, 0, NULL, NULL),
(11, 8, 1, 2, 5000000, 0, NULL, NULL),
(12, 8, 2, 1, 4000000, 0, NULL, NULL),
(13, 9, 2, 2, 4000000, 0, NULL, NULL),
(14, 10, 2, 1, 4000000, 0, NULL, NULL),
(15, 11, 2, 1, 4000000, 0, NULL, NULL),
(16, 12, 2, 1, 4000000, 0, NULL, NULL),
(17, 13, 1, 1, 5000000, 0, NULL, NULL),
(18, 14, 3, 1, 4000000, 0, NULL, NULL),
(19, 15, 3, 1, 4000000, 0, NULL, NULL),
(20, 16, 6, 1, 16100000, 5, NULL, NULL),
(21, 17, 3, 1, 12990000, 3, NULL, NULL),
(22, 18, 6, 1, 16100000, 5, NULL, NULL),
(23, 19, 2, 1, 8990000, 5, NULL, NULL),
(24, 20, 6, 1, 16100000, 5, NULL, NULL),
(25, 21, 5, 1, 9900000, 3, NULL, NULL),
(26, 22, 12, 1, 16000000, 2, NULL, NULL),
(27, 23, 1, 1, 6290000, 3, NULL, NULL),
(28, 24, 1, 1, 6290000, 3, NULL, NULL),
(29, 25, 1, 1, 6290000, 3, NULL, NULL),
(30, 26, 1, 2, 6290000, 3, NULL, NULL),
(31, 27, 2, 1, 8990000, 5, NULL, NULL),
(32, 28, 1, 1, 6290000, 3, NULL, NULL),
(33, 29, 1, 1, 6290000, 3, NULL, NULL),
(34, 30, 2, 1, 8990000, 5, NULL, NULL),
(35, 31, 12, 1, 16000000, 2, NULL, NULL),
(36, 32, 3, 1, 12990000, 3, NULL, NULL),
(37, 34, 14, 1, 12990000, 3, NULL, NULL),
(38, 35, 14, 1, 12990000, 3, NULL, NULL),
(39, 36, 12, 1, 16000000, 2, NULL, NULL),
(40, 39, 6, 1, 16100000, 5, NULL, NULL),
(41, 41, 6, 1, 16100000, 5, NULL, NULL),
(42, 42, 1, 1, 6290000, 3, NULL, NULL),
(43, 43, 2, 1, 8990000, 5, NULL, NULL),
(44, 44, 6, 1, 16100000, 5, NULL, NULL),
(45, 45, 18, 1, 5300000, 3, NULL, NULL),
(46, 46, 17, 3, 990000, 2, NULL, NULL),
(47, 46, 2, 1, 8990000, 5, NULL, NULL),
(48, 46, 15, 1, 8790000, 3, NULL, NULL),
(49, 47, 2, 2, 8990000, 5, NULL, NULL),
(50, 47, 17, 1, 990000, 2, NULL, NULL),
(51, 48, 2, 1, 8990000, 5, NULL, NULL),
(52, 49, 15, 1, 8790000, 3, NULL, NULL),
(53, 50, 1, 4, 6290000, 3, NULL, NULL);

-- --------------------------------------------------------

--
-- Table structure for table `page_statics`
--

CREATE TABLE `page_statics` (
  `id` int(10) UNSIGNED NOT NULL,
  `ps_name` varchar(255) COLLATE utf8mb4_unicode_ci DEFAULT NULL,
  `ps_type` tinyint(4) NOT NULL DEFAULT 1,
  `ps_content` text COLLATE utf8mb4_unicode_ci DEFAULT NULL,
  `created_at` timestamp NULL DEFAULT NULL,
  `updated_at` timestamp NULL DEFAULT NULL
) ENGINE=InnoDB DEFAULT CHARSET=utf8mb4 COLLATE=utf8mb4_unicode_ci;

--
-- Dumping data for table `page_statics`
--

INSERT INTO `page_statics` (`id`, `ps_name`, `ps_type`, `ps_content`, `created_at`, `updated_at`) VALUES
(1, 'Về chúng tôi', 1, '<p>\r\n	Về ch&uacute;ng t&ocirc;i</p>', '2019-10-01 16:05:06', '2019-10-01 16:05:06');

-- --------------------------------------------------------

--
-- Table structure for table `password_resets`
--

CREATE TABLE `password_resets` (
  `email` varchar(255) COLLATE utf8mb4_unicode_ci NOT NULL,
  `token` varchar(255) COLLATE utf8mb4_unicode_ci NOT NULL,
  `created_at` timestamp NULL DEFAULT NULL
) ENGINE=InnoDB DEFAULT CHARSET=utf8mb4 COLLATE=utf8mb4_unicode_ci;

-- --------------------------------------------------------

--
-- Table structure for table `products`
--

CREATE TABLE `products` (
  `id` int(10) UNSIGNED NOT NULL,
  `pro_name` varchar(255) COLLATE utf8mb4_unicode_ci DEFAULT NULL,
  `pro_slug` varchar(255) COLLATE utf8mb4_unicode_ci NOT NULL,
  `pro_category_id` int(11) NOT NULL DEFAULT 0,
  `pro_price` int(11) NOT NULL DEFAULT 0,
  `pro_author_id` int(11) NOT NULL DEFAULT 0,
  `pro_sale` tinyint(4) NOT NULL DEFAULT 0,
  `pro_active` tinyint(4) NOT NULL DEFAULT 1,
  `pro_hot` tinyint(4) NOT NULL DEFAULT 0,
  `pro_view` int(11) NOT NULL DEFAULT 0,
  `pro_avatar` varchar(255) COLLATE utf8mb4_unicode_ci DEFAULT NULL,
  `pro_title_seo` varchar(255) COLLATE utf8mb4_unicode_ci DEFAULT NULL,
  `pro_description_seo` varchar(255) COLLATE utf8mb4_unicode_ci DEFAULT NULL,
  `pro_keyword_seo` varchar(255) COLLATE utf8mb4_unicode_ci DEFAULT NULL,
  `created_at` timestamp NULL DEFAULT NULL,
  `updated_at` timestamp NULL DEFAULT NULL,
  `pro_description` text COLLATE utf8mb4_unicode_ci DEFAULT NULL,
  `pro_content` longtext COLLATE utf8mb4_unicode_ci DEFAULT NULL,
  `pro_pay` tinyint(4) NOT NULL DEFAULT 0,
  `pro_number` tinyint(4) NOT NULL DEFAULT 0,
  `pro_total_rating` int(11) NOT NULL DEFAULT 0 COMMENT 'Tổng số đánh giá of SP',
  `pro_total_number` int(11) NOT NULL DEFAULT 0 COMMENT 'tổng số điểm đánh giá'
) ENGINE=InnoDB DEFAULT CHARSET=utf8mb4 COLLATE=utf8mb4_unicode_ci;

--
-- Dumping data for table `products`
--

INSERT INTO `products` (`id`, `pro_name`, `pro_slug`, `pro_category_id`, `pro_price`, `pro_author_id`, `pro_sale`, `pro_active`, `pro_hot`, `pro_view`, `pro_avatar`, `pro_title_seo`, `pro_description_seo`, `pro_keyword_seo`, `created_at`, `updated_at`, `pro_description`, `pro_content`, `pro_pay`, `pro_number`, `pro_total_rating`, `pro_total_number`) VALUES
(1, 'Máy giặt Toshiba 9kg AW-G1000GV WG', 'may-giat-toshiba-9kg-aw-g1000gv-wg', 1, 6290000, 0, 3, 1, 1, 0, '2019-09-17__may-giat-toshiba-aw-g1000gv-wg-1-300x300.jpg', 'Máy giặt Toshiba 9kg AW-G1000GV WG', 'Máy giặt Toshiba 9kg AW-G1000GV WG', NULL, '2019-08-20 01:48:07', '2019-10-08 12:31:14', 'Công nghệ giặt siêu mạnh Mega Power Wash, tăng hiệu quả giặt sạch.\r\nXả với hương thơm lâu, tăng thời gian ngâm nước xả.\r\nCông nghệ giặt cô đặc bằng bọt khí tẩy sạch bụi bẩn từ bên trong sợi vải.', '<div class=\"imgnote\" style=\"margin: 10px 0px; padding: 0px; border: 0px; vertical-align: baseline; overflow: hidden; color: rgb(51, 51, 51); font-family: Arial, Helvetica, sans-serif; font-size: 14px;\">\r\n	<img alt=\"Thông số kỹ thuật Máy giặt Toshiba 9kg AW-G1000GV WG\" class=\"lazy\" data-=\"\" height=\"585\" src=\"https://cdn.tgdd.vn/Products/Images/1944/110586/Kit/toshiba-aw-g1000gv-wg.jpg\" style=\"margin: 0px; padding: 0px; border: 0px; vertical-align: baseline; opacity: 1; transition: opacity 0.3s ease-in 0s; display: block; width: 780px; height: auto;\" width=\"780\" /></div>\r\n<div class=\"box-article\" style=\"margin: 0px; padding: 0px; border: 0px; vertical-align: baseline; color: rgb(51, 51, 51); font-family: Arial, Helvetica, sans-serif; font-size: 14px;\">\r\n	<article class=\"area_article visible\" id=\"tinh-nang\" style=\"margin: 0px; padding: 0px 0px 10px; border: 0px; vertical-align: baseline; overflow: visible; font-size: 15px; line-height: 22px;\">\r\n	<h3 style=\"margin: 1.5em auto 0.3em; padding: 0px; border: 0px; vertical-align: baseline; font-variant-numeric: normal; font-variant-east-asian: normal; font-weight: normal; font-stretch: normal; font-size: 22px; line-height: 1.4em; outline: none; zoom: 1;\">\r\n		M&aacute;y giặt Toshiba c&oacute; thiết kế đơn giản, trung t&iacute;nh</h3>\r\n	<p style=\"margin: 0px 0px 10px; padding: 0px; border: 0px; vertical-align: baseline; margin-block-start: 0px; margin-block-end: 0px; padding-inline-start: 0px; text-rendering: geometricprecision; font-size: 16px;\">\r\n		<a href=\"https://www.dienmayxanh.com/may-giat/toshiba-aw-g1000gv-wg\" style=\"margin: 0px; padding: 0px; border: 0px; vertical-align: baseline; text-decoration-line: none; color: rgb(40, 138, 214);\" target=\"_blank\" title=\"Máy giặt Toshiba AW-G1000GV WG\">M&aacute;y giặt Toshiba AW-G1000GV WG</a>&nbsp;l&agrave; một chiếc m&aacute;y giặt c&oacute; thiết kế đơn giản đến từ thương hiệu&nbsp;<a href=\"https://www.dienmayxanh.com/may-giat-toshiba\" style=\"margin: 0px; padding: 0px; border: 0px; vertical-align: baseline; text-decoration-line: none; color: rgb(40, 138, 214);\" target=\"_blank\" title=\"Toshiba\">Toshiba</a>&nbsp;quen thuộc với người ti&ecirc;u d&ugrave;ng Việt Nam.&nbsp;<a href=\"https://www.dienmayxanh.com/may-giat\" style=\"margin: 0px; padding: 0px; border: 0px; vertical-align: baseline; text-decoration-line: none; color: rgb(40, 138, 214);\" target=\"_blank\" title=\"máy giặt\">M&aacute;y giặt</a>&nbsp;c&oacute; sắc trắng trung t&iacute;nh, dễ d&agrave;ng kết hợp với mọi kiểu kh&ocirc;ng gian nội thất trong gia đ&igrave;nh của bạn.</p>\r\n	<p style=\"margin: 0px 0px 10px; padding: 0px; border: 0px; vertical-align: baseline; margin-block-start: 0px; margin-block-end: 0px; padding-inline-start: 0px; text-rendering: geometricprecision; font-size: 16px;\">\r\n		Chiếc m&aacute;y giặt&nbsp;<a href=\"https://www.dienmayxanh.com/may-giat?g=cua-tren\" style=\"margin: 0px; padding: 0px; border: 0px; vertical-align: baseline; text-decoration-line: none; color: rgb(40, 138, 214);\" target=\"_blank\" title=\"cửa trên\">cửa tr&ecirc;n</a>&nbsp;với khối lượng giặt 9 kg sẽ l&agrave; một sự lựa chọn l&yacute; tưởng để đ&aacute;p ứng nhu cầu giặt giũ cho gia đ&igrave;nh bạn với số lượng tr&ecirc;n 6 th&agrave;nh vi&ecirc;n.</p>\r\n	<p style=\"margin: 0px 0px 10px; padding: 0px; border: 0px; vertical-align: baseline; margin-block-start: 0px; margin-block-end: 0px; padding-inline-start: 0px; text-rendering: geometricprecision; font-size: 16px;\">\r\n		<img alt=\"Máy giặt Toshiba 9kg AW-G1000GV WG\" class=\"lazy\" data-=\"\" src=\"https://cdn.tgdd.vn/Products/Images/1944/110586/Slider/vi-vn-toshiba-aw-g1000gv-wg-1.jpg\" style=\"margin: 15px auto 5px; padding: 0px; border: 0px; vertical-align: baseline; opacity: 1; transition: opacity 0.3s ease-in 0s; display: block; width: 780px; max-width: 100%; height: auto;\" title=\"Máy giặt Toshiba 9kg AW-G1000GV WG\" /></p>\r\n	<h3 style=\"margin: 1.5em auto 0.3em; padding: 0px; border: 0px; vertical-align: baseline; font-variant-numeric: normal; font-variant-east-asian: normal; font-weight: normal; font-stretch: normal; font-size: 22px; line-height: 1.4em; outline: none; zoom: 1;\">\r\n		C&ocirc;ng nghệ giặt c&ocirc; đặc bằng bọt kh&iacute; tẩy sạch bụi bẩn từ b&ecirc;n trong sợi vải</h3>\r\n	<p style=\"margin: 0px 0px 10px; padding: 0px; border: 0px; vertical-align: baseline; margin-block-start: 0px; margin-block-end: 0px; padding-inline-start: 0px; text-rendering: geometricprecision; font-size: 16px;\">\r\n		Với c&ocirc;ng nghệ giặt c&ocirc; đặc bằng bọt kh&iacute;, sử dụng lực quay của c&aacute;c c&aacute;nh quạt dưới đ&aacute;y m&acirc;m giặt tạo th&agrave;nh một lực đ&aacute;nh tan bột giặt ở mực nước thấp tạo ra h&agrave;ng triệu bọt bong b&oacute;ng thấm nhanh v&agrave; s&acirc;u v&agrave;o từng sợi vải, v&igrave; vậy sẽ kh&ocirc;ng kh&oacute; khăn để đ&aacute;nh bật được vết bẩn, vết ố tr&ecirc;n quần &aacute;o.</p>\r\n	<p style=\"margin: 0px 0px 10px; padding: 0px; border: 0px; vertical-align: baseline; margin-block-start: 0px; margin-block-end: 0px; padding-inline-start: 0px; text-rendering: geometricprecision; font-size: 16px;\">\r\n		<img alt=\"Giặt cô đặc - Máy giặt Toshiba 9kg AW-G1000GV WG\" class=\"lazy\" data-=\"\" src=\"https://cdn.tgdd.vn/Products/Images/1944/110586/Slider/vi-vn-toshiba-aw-g1000gv-wg-giat-co-dac.jpg\" style=\"margin: 15px auto 5px; padding: 0px; border: 0px; vertical-align: baseline; opacity: 1; transition: opacity 0.3s ease-in 0s; display: block; width: 780px; max-width: 100%; height: auto;\" title=\"Giặt cô đặc - Máy giặt Toshiba 9kg AW-G1000GV WG\" /></p>\r\n	<h3 style=\"margin: 1.5em auto 0.3em; padding: 0px; border: 0px; vertical-align: baseline; font-variant-numeric: normal; font-variant-east-asian: normal; font-weight: normal; font-stretch: normal; font-size: 22px; line-height: 1.4em; outline: none; zoom: 1;\">\r\n		M&acirc;m giặt Hybrid Powerful mang lại hiệu quả giặt sạch mạnh mẽ</h3>\r\n	<p style=\"margin: 0px 0px 10px; padding: 0px; border: 0px; vertical-align: baseline; margin-block-start: 0px; margin-block-end: 0px; padding-inline-start: 0px; text-rendering: geometricprecision; font-size: 16px;\">\r\n		Được thiết kế bởi hai bộ phận h&igrave;nh c&aacute;nh quạt kh&ocirc;ng đối xứng nằm ở đ&aacute;y m&acirc;m giặt,&nbsp;<a href=\"https://www.dienmayxanh.com/kinh-nghiem-hay/cong-nghe-giat-tren-may-giat-toshiba-586944#hybrid-powerful\" style=\"margin: 0px; padding: 0px; border: 0px; vertical-align: baseline; text-decoration-line: none; color: rgb(40, 138, 214);\" target=\"_blank\" title=\"https://www.dienmayxanh.com/kinh-nghiem-hay/cong-nghe-giat-tren-may-giat-toshiba-586944#hybrid-powerful\">c&ocirc;ng nghệ Hybrid Powerful</a>&nbsp;đ&atilde; tạo ra d&ograve;ng nước đa chiều c&oacute; lực đẩy cực mạnh c&oacute; khả năng đảo trộn đều hơn, tăng cường ma s&aacute;t giữa quần &aacute;o v&agrave; bột giặt, mang lại hiệu quả giặt sạch tối ưu hơn.</p>\r\n	<p style=\"margin: 0px 0px 10px; padding: 0px; border: 0px; vertical-align: baseline; margin-block-start: 0px; margin-block-end: 0px; padding-inline-start: 0px; text-rendering: geometricprecision; font-size: 16px;\">\r\n		<img alt=\"Mâm giặt Hybrid Powerful - Máy giặt Toshiba 9kg AW-G1000GV WG\" class=\"lazy\" data-=\"\" src=\"https://cdn.tgdd.vn/Products/Images/1944/110586/Slider/vi-vn-toshiba-aw-g1000gv-wg-mam-giat-1.jpg\" style=\"margin: 15px auto 5px; padding: 0px; border: 0px; vertical-align: baseline; opacity: 1; transition: opacity 0.3s ease-in 0s; display: block; width: 780px; max-width: 100%; height: auto;\" title=\"Mâm giặt Hybrid Powerful - Máy giặt Toshiba 9kg AW-G1000GV WG\" /></p>\r\n	<h3 style=\"margin: 1.5em auto 0.3em; padding: 0px; border: 0px; vertical-align: baseline; font-variant-numeric: normal; font-variant-east-asian: normal; font-weight: normal; font-stretch: normal; font-size: 22px; line-height: 1.4em; outline: none; zoom: 1;\">\r\n		Lồng giặt dạng ng&ocirc;i sao pha l&ecirc; hạn chế hư hỏng quần &aacute;o</h3>\r\n	<p style=\"margin: 0px 0px 10px; padding: 0px; border: 0px; vertical-align: baseline; margin-block-start: 0px; margin-block-end: 0px; padding-inline-start: 0px; text-rendering: geometricprecision; font-size: 16px;\">\r\n		Lồng giặt l&agrave;m từ th&eacute;p kh&ocirc;ng gỉ của m&aacute;y giặt Toshiba AW-G1000GV WG kh&ocirc;ng chỉ gi&uacute;p cho m&aacute;y được bền bỉ với thời gian m&agrave; thiết kế dạng ng&ocirc;i sao pha l&ecirc; của lồng c&ograve;n bảo vệ quần &aacute;o kh&ocirc;ng bị hư tổn trong qu&aacute; tr&igrave;nh giặt, cho quần &aacute;o lu&ocirc;n đẹp như mới.</p>\r\n	</article></div>\r\n<p>\r\n	&nbsp;</p>', 5, -3, 3, 13),
(2, 'Máy giặt Toshiba Inverter 8.5 Kg TW-BH95S2V WK', 'may-giat-toshiba-inverter-85-kg-tw-bh95s2v-wk', 1, 8990000, 0, 5, 1, 1, 0, '2019-09-17__may-giat-toshiba-tw-bh95s2v-wk-9-300x300.jpg', 'Máy giặt Toshiba Inverter 8.5 Kg TW-BH95S2V WK', 'Máy giặt Toshiba Inverter 8.5 Kg TW-BH95S2V WK', NULL, '2019-08-20 01:50:57', '2019-10-02 08:38:07', 'Giặt nhanh 15 phút - Giải pháp hoàn hảo cho cuộc sống bận rộn.\r\nTính năng vệ sinh lồng giặt tự động, tiết kiệm thời gian và chi phí.\r\nChế độ vệ sinh lồng giặt tiện lợi.\r\nTùy chỉnh nhiệt độ nước 20~90 độ C.\r\nTiện lợi hơn với tính năng tự khởi động lại khi có điện.', '<div class=\"imgnote\" style=\"margin: 10px 0px; padding: 0px; border: 0px; vertical-align: baseline; overflow: hidden; color: rgb(51, 51, 51); font-family: Arial, Helvetica, sans-serif; font-size: 14px;\">\r\n	<img alt=\"Thông số kỹ thuật Máy giặt Toshiba Inverter 8.5 Kg TW-BH95S2V WK\" class=\"lazy\" data-=\"\" height=\"585\" src=\"https://cdn.tgdd.vn/Products/Images/1944/197893/Kit/toshiba-tw-bh95s2v-wk.jpg\" style=\"margin: 0px; padding: 0px; border: 0px; vertical-align: baseline; opacity: 1; transition: opacity 0.3s ease-in 0s; display: block; width: 780px; height: auto;\" width=\"780\" /></div>\r\n<div class=\"box-article\" style=\"margin: 0px; padding: 0px; border: 0px; vertical-align: baseline; color: rgb(51, 51, 51); font-family: Arial, Helvetica, sans-serif; font-size: 14px;\">\r\n	<article class=\"area_article visible\" id=\"tinh-nang\" style=\"margin: 0px; padding: 0px 0px 10px; border: 0px; vertical-align: baseline; overflow: visible; font-size: 15px; line-height: 22px;\">\r\n	<h3 style=\"margin: 1.5em auto 0.3em; padding: 0px; border: 0px; vertical-align: baseline; font-variant-numeric: normal; font-variant-east-asian: normal; font-weight: normal; font-stretch: normal; font-size: 22px; line-height: 1.4em; outline: none; zoom: 1;\">\r\n		Kiểu d&aacute;ng thanh lịch nhưng kh&ocirc;ng k&eacute;m phần sang trọng</h3>\r\n	<p style=\"margin: 0px 0px 10px; padding: 0px; border: 0px; vertical-align: baseline; margin-block-start: 0px; margin-block-end: 0px; padding-inline-start: 0px; text-rendering: geometricprecision; font-size: 16px;\">\r\n		<a href=\"https://www.dienmayxanh.com/may-giat/toshiba-tw-bh95s2v-wk\" style=\"margin: 0px; padding: 0px; border: 0px; vertical-align: baseline; text-decoration-line: none; color: rgb(40, 138, 214);\" target=\"_blank\" title=\"Máy giặt Toshiba Inverter 8.5 Kg TW-BH95S2V WK\">M&aacute;y giặt Toshiba Inverter 8.5 Kg TW-BH95S2V WK</a>&nbsp;sở hữu sắc trắng thanh lịch, trung t&iacute;nh, kết hợp với kiểu d&aacute;ng cửa trước hiện đại, hứa hẹn sẽ mang đến cho kh&ocirc;ng gian nội thất của gia đ&igrave;nh vẻ đẹp tinh tế, sang trọng.</p>\r\n	<p style=\"margin: 0px 0px 10px; padding: 0px; border: 0px; vertical-align: baseline; margin-block-start: 0px; margin-block-end: 0px; padding-inline-start: 0px; text-rendering: geometricprecision; font-size: 16px;\">\r\n		B&ecirc;n cạnh đ&oacute;, nếu gia đinh bạn c&oacute; 3 - 5 th&agrave;nh vi&ecirc;n v&agrave; c&oacute; nhu cầu t&igrave;m mua&nbsp;<a href=\"https://www.dienmayxanh.com/may-giat\" style=\"margin: 0px; padding: 0px; border: 0px; vertical-align: baseline; text-decoration-line: none; color: rgb(40, 138, 214);\" target=\"_blank\" title=\"máy giặt\">m&aacute;y giặt</a>&nbsp;th&igrave; chiếc&nbsp;<a href=\"https://www.dienmayxanh.com/may-giat-toshiba?g=tu-8-9-kg-3-5-nguoi\" style=\"margin: 0px; padding: 0px; border: 0px; vertical-align: baseline; text-decoration-line: none; color: rgb(40, 138, 214);\" target=\"_blank\" title=\"máy giặt Toshiba 8.5 kg\">m&aacute;y giặt Toshiba 8.5 kg</a>&nbsp;n&agrave;y ch&iacute;nh l&agrave; một sự lựa chọn l&yacute; tưởng.</p>\r\n	<p style=\"margin: 0px 0px 10px; padding: 0px; border: 0px; vertical-align: baseline; margin-block-start: 0px; margin-block-end: 0px; padding-inline-start: 0px; text-rendering: geometricprecision; font-size: 16px;\">\r\n		<img alt=\"Máy giặt Toshiba Inverter 8.5 Kg TW-BH95S2V WK\" class=\"lazy\" data-=\"\" src=\"https://cdn.tgdd.vn/Products/Images/1944/197893/Slider/vi-vn-toshiba-tw-bh95s2v-wk-1.jpg\" style=\"margin: 15px auto 5px; padding: 0px; border: 0px; vertical-align: baseline; opacity: 1; transition: opacity 0.3s ease-in 0s; display: block; width: 780px; max-width: 100%; height: auto;\" title=\"Máy giặt Toshiba Inverter 8.5 Kg TW-BH95S2V WK\" /></p>\r\n	<h3 style=\"margin: 1.5em auto 0.3em; padding: 0px; border: 0px; vertical-align: baseline; font-variant-numeric: normal; font-variant-east-asian: normal; font-weight: normal; font-stretch: normal; font-size: 22px; line-height: 1.4em; outline: none; zoom: 1;\">\r\n		C&ocirc;ng nghệ&nbsp;<a href=\"https://www.dienmayxanh.com/kinh-nghiem-hay/cac-cong-nghe-noi-bat-tren-may-giat-cua-truoc-tosh-1118688#hmenuid1\" style=\"margin: 1.5em auto 0.3em; padding: 0px; border: 0px; vertical-align: baseline; text-decoration-line: none; color: rgb(40, 138, 214); font-variant-numeric: normal; font-variant-east-asian: normal; font-stretch: normal; line-height: 1.4em; outline: none; zoom: 1;\" target=\"_blank\" title=\"Greatwave sức mạnh siêu sóng\">Greatwave - sức mạnh si&ecirc;u s&oacute;ng</a>&nbsp;nhanh ch&oacute;ng mang lại những chiếc quần &aacute;o sạch đẹp</h3>\r\n	<p style=\"margin: 0px 0px 10px; padding: 0px; border: 0px; vertical-align: baseline; margin-block-start: 0px; margin-block-end: 0px; padding-inline-start: 0px; text-rendering: geometricprecision; font-size: 16px;\">\r\n		Sử dụng sức mạnh si&ecirc;u s&oacute;ng nước trong qu&aacute; tr&igrave;nh giặt giũ, c&ocirc;ng nghệ GreatWaves c&oacute; thể dễ d&agrave;ng đ&aacute;ng bật c&aacute;c vết bẩn cứng đầu kh&oacute; chịu tr&ecirc;n quần &aacute;o, trả lại cho bạn những chiếc quần &aacute;o sạch đẹp chỉ trong t&iacute;ch tắc. C&ocirc;ng nghệ n&agrave;y bao gồm:</p>\r\n	<p style=\"margin: 0px 0px 10px; padding: 0px; border: 0px; vertical-align: baseline; margin-block-start: 0px; margin-block-end: 0px; padding-inline-start: 0px; text-rendering: geometricprecision; font-size: 16px;\">\r\n		Thiết kế lồng giặt dạng ng&ocirc;i sao pha l&ecirc; c&ugrave;ng thanh tạo s&oacute;ng Paddle uốn lượn của Flush Waves sẽ gi&uacute;p&nbsp;<a href=\"https://www.dienmayxanh.com/may-giat-toshiba\" style=\"margin: 0px; padding: 0px; border: 0px; vertical-align: baseline; text-decoration-line: none; color: rgb(40, 138, 214);\" target=\"_blank\" title=\"máy giặt Toshiba\">m&aacute;y giặt Toshiba</a>&nbsp;tạo ra luồng s&oacute;ng nước cực mạnh, đ&aacute;nh bay vết bẩn cứng đầu.</p>\r\n	<p style=\"margin: 0px 0px 10px; padding: 0px; border: 0px; vertical-align: baseline; margin-block-start: 0px; margin-block-end: 0px; padding-inline-start: 0px; text-rendering: geometricprecision; font-size: 16px;\">\r\n		<img alt=\"Flush Waves - Máy giặt Toshiba Inverter 8.5 Kg TW-BH95S2V WK\" class=\"lazy\" data-=\"\" src=\"https://cdn.tgdd.vn/Products/Images/1944/197893/may-giat-toshiba-tw-bh95s2v-wk-3.jpg\" style=\"margin: 15px auto 5px; padding: 0px; border: 0px; vertical-align: baseline; opacity: 1; transition: opacity 0.3s ease-in 0s; display: block; width: 780px; max-width: 100%; height: auto;\" title=\"Flush Waves - Máy giặt Toshiba Inverter 8.5 Kg TW-BH95S2V WK\" /></p>\r\n	<p style=\"margin: 0px 0px 10px; padding: 0px; border: 0px; vertical-align: baseline; margin-block-start: 0px; margin-block-end: 0px; padding-inline-start: 0px; text-rendering: geometricprecision; font-size: 16px;\">\r\n		<a href=\"https://www.dienmayxanh.com/may-giat-toshiba?g=cong-nghe-inverter-tiet-kiem-dien\" style=\"margin: 0px; padding: 0px; border: 0px; vertical-align: baseline; text-decoration-line: none; color: rgb(40, 138, 214);\" target=\"_blank\" title=\"Máy giặt Toshiba Inverter\">M&aacute;y giặt Toshiba Inverter</a>&nbsp;được trang bị c&ocirc;ng nghệ Real Inverter gi&uacute;p n&acirc;ng cao hiệu quả tiết kiệm điện năng nhưng vẫn đảm bảo m&aacute;y giặt vận h&agrave;nh &ecirc;m &aacute;i, ổn định.</p>\r\n	<p style=\"margin: 0px 0px 10px; padding: 0px; border: 0px; vertical-align: baseline; margin-block-start: 0px; margin-block-end: 0px; padding-inline-start: 0px; text-rendering: geometricprecision; font-size: 16px;\">\r\n		Kh&ocirc;ng chỉ vậy, với bộ&nbsp;cảm biến th&ocirc;ng minh, m&aacute;y giặt sẽ tự động đo tốc độ d&ograve;ng nước, lượng đồ giặt, từ đ&oacute; đưa ra chương tr&igrave;nh giặt tối ưu nhất, đẩy mạnh khả năng giặt sạch quần &aacute;o m&agrave; vẫn kh&ocirc;ng g&acirc;y tốn nhiều điện, nước.</p>\r\n	<p style=\"margin: 0px 0px 10px; padding: 0px; border: 0px; vertical-align: baseline; margin-block-start: 0px; margin-block-end: 0px; padding-inline-start: 0px; text-rendering: geometricprecision; font-size: 16px;\">\r\n		<img alt=\"Real Inverter - Máy giặt Toshiba Inverter 8.5 Kg TW-BH95S2V WK\" class=\"lazy\" data-=\"\" src=\"https://cdn.tgdd.vn/Products/Images/1944/197893/Slider/vi-vn-toshiba-tw-bh95s2v-wk-2.jpg\" style=\"margin: 15px auto 5px; padding: 0px; border: 0px; vertical-align: baseline; opacity: 1; transition: opacity 0.3s ease-in 0s; display: block; width: 780px; max-width: 100%; height: auto;\" title=\"Real Inverter - Máy giặt Toshiba Inverter 8.5 Kg TW-BH95S2V WK\" /></p>\r\n	<p style=\"margin: 0px 0px 10px; padding: 0px; border: 0px; vertical-align: baseline; margin-block-start: 0px; margin-block-end: 0px; padding-inline-start: 0px; text-rendering: geometricprecision; font-size: 16px;\">\r\n		Color care l&agrave; một t&iacute;nh năng giặt quần &aacute;o ở nhiệt độ thường nhưng lại mang đến kết quả giặt sạch đ&aacute;ng kinh ngạc, tương đương với giặt nước n&oacute;ng 40 độ C m&agrave; vẫn giữ được độ bền m&agrave;u cho quần &aacute;o, chống phai m&agrave;u đến 39 % v&agrave; giảm biến dạng đến 45%, g&oacute;p phần gi&uacute;p quần &aacute;o của gia đ&igrave;nh lu&ocirc;n được bền đẹp như mới.</p>\r\n	</article></div>\r\n<p>\r\n	&nbsp;</p>', 7, 0, 3, 14),
(3, 'Máy giặt Samsung Inverter 9 kg WW90K52E0WW/SV', 'may-giat-samsung-inverter-9-kg-ww90k52e0wwsv', 1, 12990000, 0, 3, 1, 1, 0, '2019-09-17__may-giat-samsung-ww90k52e0ww-sv-dd-300x300.jpg', 'Máy giặt Samsung Inverter 9 kg WW90K52E0WW/SV', 'Máy giặt Samsung Inverter 9 kg WW90K52E0WW/SV', NULL, '2019-08-20 01:55:45', '2019-09-25 10:45:31', 'Giặt bong bóng Eco Bubble, tạo bọt mịn giặt sạch hiệu quả.\r\nCửa phụ Add Door thêm đồ khi giặt, không lo sót quần áo.\r\nĐộng cơ Digital Inverter tiết kiệm điện, vận hành êm.\r\nQuần áo được bảo vệ bởi lồng giặt kim cương.\r\nGiặt nước nóng 90 độ C diệt 99% vi khuẩn gây dị ứng.\r\nQuần áo mau khô hơn với tốc độ quay vắt lên đến 1200 vòng/phút.', '<div class=\"imgnote\" style=\"margin: 10px 0px; padding: 0px; border: 0px; vertical-align: baseline; overflow: hidden; color: rgb(51, 51, 51); font-family: Arial, Helvetica, sans-serif; font-size: 14px;\">\r\n	<img alt=\"Thông số kỹ thuật Máy giặt Samsung Inverter 9 kg WW90K52E0WW/SV\" class=\"lazy\" data-=\"\" height=\"585\" src=\"https://cdn.tgdd.vn/Products/Images/1944/155202/Kit/may-giat-samsung-ww90k52e0ww-sv.jpg\" style=\"margin: 0px; padding: 0px; border: 0px; vertical-align: baseline; opacity: 1; transition: opacity 0.3s ease-in 0s; display: block; width: 780px; height: auto;\" width=\"780\" /></div>\r\n<div class=\"box-article\" style=\"margin: 0px; padding: 0px; border: 0px; vertical-align: baseline; color: rgb(51, 51, 51); font-family: Arial, Helvetica, sans-serif; font-size: 14px;\">\r\n	<article class=\"area_article visible\" id=\"tinh-nang\" style=\"margin: 0px; padding: 0px 0px 10px; border: 0px; vertical-align: baseline; overflow: visible; font-size: 15px; line-height: 22px;\">\r\n	<h3 style=\"margin: 1.5em auto 0.3em; padding: 0px; border: 0px; vertical-align: baseline; font-variant-numeric: normal; font-variant-east-asian: normal; font-weight: normal; font-stretch: normal; font-size: 22px; line-height: 1.4em; outline: none; zoom: 1;\">\r\n		Thiết kế sang trọng hiện đại</h3>\r\n	<p style=\"margin: 0px 0px 10px; padding: 0px; border: 0px; vertical-align: baseline; margin-block-start: 0px; margin-block-end: 0px; padding-inline-start: 0px; text-rendering: geometricprecision; font-size: 16px;\">\r\n		<a href=\"https://www.dienmayxanh.com/may-giat/samsung-ww90k52e0ww-sv\" style=\"margin: 0px; padding: 0px; border: 0px; vertical-align: baseline; text-decoration-line: none; color: rgb(40, 138, 214);\" target=\"_blank\" title=\"Máy giặt Samsung AddWash Inverter 9 kg WW90K52E0WW/SV\">M&aacute;y giặt Samsung AddWash Inverter 9 kg WW90K52E0WW/SV</a>&nbsp;với sắc trắng trang nh&atilde;, thiết kế hiện đại, lồng giặt rộng r&atilde;i hứa hẹn sẽ thu h&uacute;t sự quan t&acirc;m của nhiều người d&ugrave;ng. Khối lượng giặt lớn, l&ecirc;n đến&nbsp;<a href=\"https://www.dienmayxanh.com/may-giat-samsung?g=tren-85-kg-tren-6-nguoi\" style=\"margin: 0px; padding: 0px; border: 0px; vertical-align: baseline; text-decoration-line: none; color: rgb(40, 138, 214);\" target=\"_blank\" title=\"9kg\">9 kg</a>&nbsp;ph&ugrave; hợp với những gia đ&igrave;nh tr&ecirc;n 6 th&agrave;nh vi&ecirc;n.</p>\r\n	<p style=\"margin: 0px 0px 10px; padding: 0px; border: 0px; vertical-align: baseline; margin-block-start: 0px; margin-block-end: 0px; padding-inline-start: 0px; text-rendering: geometricprecision; font-size: 16px;\">\r\n		<img alt=\"Máy giặt Samsung AddWash Inverter 9 kg WW90K52E0WW/SV\" class=\"lazy\" data-=\"\" src=\"https://cdn.tgdd.vn/Products/Images/1944/155202/Slider/vi-vn-samsung-ww90k52e0ww-sv-thiet-ke.jpg\" style=\"margin: 15px auto 5px; padding: 0px; border: 0px; vertical-align: baseline; opacity: 1; transition: opacity 0.3s ease-in 0s; display: block; width: 780px; max-width: 100%; height: auto;\" title=\"Máy giặt Samsung AddWash Inverter 9 kg WW90K52E0WW/SV\" /></p>\r\n	<h3 style=\"margin: 1.5em auto 0.3em; padding: 0px; border: 0px; vertical-align: baseline; font-variant-numeric: normal; font-variant-east-asian: normal; font-weight: normal; font-stretch: normal; font-size: 22px; line-height: 1.4em; outline: none; zoom: 1;\">\r\n		Tiết kiệm điện năng tối đa với c&ocirc;ng nghệ Digital Inverter</h3>\r\n	<p style=\"margin: 0px 0px 10px; padding: 0px; border: 0px; vertical-align: baseline; margin-block-start: 0px; margin-block-end: 0px; padding-inline-start: 0px; text-rendering: geometricprecision; font-size: 16px;\">\r\n		C&ocirc;ng nghệ biến tần&nbsp;<strong style=\"margin: 0px; padding: 0px; border: 0px; vertical-align: baseline;\">Digital Inverter</strong>&nbsp;c&oacute; thể điều chỉnh v&ograve;ng quay của động cơ sao cho ph&ugrave; hợp với c&aacute;c chương tr&igrave;nh bạn đ&atilde; c&agrave;i đặt. Ch&iacute;nh v&igrave; thế&nbsp;<a href=\"https://www.dienmayxanh.com/may-giat-inverter\" style=\"margin: 0px; padding: 0px; border: 0px; vertical-align: baseline; text-decoration-line: none; color: rgb(40, 138, 214);\" target=\"_blank\" title=\"máy giặt Inverter\">m&aacute;y giặt Inverter</a>&nbsp;tiết kiệm được một lượng điện năng đ&aacute;ng kể, vận h&agrave;nh &ecirc;m &aacute;i kh&ocirc;ng g&acirc;y tiếng ồn ảnh hưởng đến giấc ngủ của bạn v&agrave;o ban đ&ecirc;m. Ngo&agrave;i ra, m&aacute;y n&eacute;n Digital Inverter của Samsung c&ograve;n c&oacute; thời gian bảo h&agrave;nh l&ecirc;n đến 11 năm.</p>\r\n	<p style=\"margin: 0px 0px 10px; padding: 0px; border: 0px; vertical-align: baseline; margin-block-start: 0px; margin-block-end: 0px; padding-inline-start: 0px; text-rendering: geometricprecision; font-size: 16px;\">\r\n		<img alt=\"Tiết kiệm điện năng tối đa với công nghệ Digital Inverter\" class=\"lazy\" data-=\"\" src=\"https://cdn.tgdd.vn/Products/Images/1944/155202/Slider/vi-vn-samsung-ww90k52e0ww-sv-inverter-1.jpg\" style=\"margin: 15px auto 5px; padding: 0px; border: 0px; vertical-align: baseline; opacity: 1; transition: opacity 0.3s ease-in 0s; display: block; width: 780px; max-width: 100%; height: auto;\" title=\"Tiết kiệm điện năng tối đa với công nghệ Digital Inverter\" /></p>\r\n	<h3 style=\"margin: 1.5em auto 0.3em; padding: 0px; border: 0px; vertical-align: baseline; font-variant-numeric: normal; font-variant-east-asian: normal; font-weight: normal; font-stretch: normal; font-size: 22px; line-height: 1.4em; outline: none; zoom: 1;\">\r\n		Chế độ giặt bong b&oacute;ng Eco Bubble - tạo bọt si&ecirc;u mịn, thấm s&acirc;u, giặt sạch hiệu quả</h3>\r\n	<p style=\"margin: 0px 0px 10px; padding: 0px; border: 0px; vertical-align: baseline; margin-block-start: 0px; margin-block-end: 0px; padding-inline-start: 0px; text-rendering: geometricprecision; font-size: 16px;\">\r\n		Với&nbsp;<a href=\"https://www.dienmayxanh.com/kinh-nghiem-hay/cong-nghe-giat-tren-may-giat-samsung-586471#eco-bubble\" style=\"margin: 0px; padding: 0px; border: 0px; vertical-align: baseline; text-decoration-line: none; color: rgb(40, 138, 214);\" target=\"_blank\" title=\"công nghệ Eco Bubble\">c&ocirc;ng nghệ&nbsp;Eco Bubble</a>, kh&ocirc;ng kh&iacute; v&agrave; nước l&agrave;m sủi bọt bột giặt trước khi bắt đầu qu&aacute; tr&igrave;nh giặt. Những bong b&oacute;ng bột giặt sẽ thấm s&acirc;u hơn v&agrave;o từng sợi vải, đ&aacute;nh bay những vết bẩn cứng đầu.</p>\r\n	<p style=\"margin: 0px 0px 10px; padding: 0px; border: 0px; vertical-align: baseline; margin-block-start: 0px; margin-block-end: 0px; padding-inline-start: 0px; text-rendering: geometricprecision; font-size: 16px;\">\r\n		B&ecirc;n cạnh đ&oacute;, bột giặt được h&ograve;a tan ho&agrave;n to&agrave;n m&agrave; kh&ocirc;ng cần sử dụng đến chức năng giặt bằng nước n&oacute;ng, kh&ocirc;ng hề để lại cặn bột giặt tr&ecirc;n quần &aacute;o g&acirc;y ngứa, k&iacute;ch ứng v&agrave;&nbsp;tiết kiệm th&ecirc;m một khoảng tiền điện cho gia đ&igrave;nh bạn.</p>\r\n	<p style=\"margin: 0px 0px 10px; padding: 0px; border: 0px; vertical-align: baseline; margin-block-start: 0px; margin-block-end: 0px; padding-inline-start: 0px; text-rendering: geometricprecision; font-size: 16px;\">\r\n		<img alt=\"Eco Bubble - Máy giặt Samsung Inverter 9 kg WW90K52E0WW/SV\" class=\"lazy\" data-=\"\" src=\"https://cdn.tgdd.vn/Products/Images/1944/155202/Slider/vi-vn-samsung-ww90k52e0ww-sv-eco-bubble.jpg\" style=\"margin: 15px auto 5px; padding: 0px; border: 0px; vertical-align: baseline; opacity: 1; transition: opacity 0.3s ease-in 0s; display: block; width: 780px; max-width: 100%; height: auto;\" title=\"Eco Bubble - Máy giặt Samsung Inverter 9 kg WW90K52E0WW/SV\" /></p>\r\n	<h3 style=\"margin: 1.5em auto 0.3em; padding: 0px; border: 0px; vertical-align: baseline; font-variant-numeric: normal; font-variant-east-asian: normal; font-weight: normal; font-stretch: normal; font-size: 22px; line-height: 1.4em; outline: none; zoom: 1;\">\r\n		Diệt khuẩn, giảm nhăn cho quần &aacute;o với chức năng&nbsp;<a href=\"https://www.dienmayxanh.com/may-giat-hoi-nuoc\" style=\"margin: 1.5em auto 0.3em; padding: 0px; border: 0px; vertical-align: baseline; text-decoration-line: none; color: rgb(40, 138, 214); font-variant-numeric: normal; font-variant-east-asian: normal; font-stretch: normal; line-height: 1.4em; outline: none; zoom: 1;\" target=\"_blank\" title=\"giặt hơi nước\">giặt hơi nước</a>&nbsp;Steam Cycles</h3>\r\n	<p style=\"margin: 0px 0px 10px; padding: 0px; border: 0px; vertical-align: baseline; margin-block-start: 0px; margin-block-end: 0px; padding-inline-start: 0px; text-rendering: geometricprecision; font-size: 16px;\">\r\n		Quần &aacute;o được l&agrave;m sạch nhờ&nbsp;<a href=\"https://www.dienmayxanh.com/kinh-nghiem-hay/cong-nghe-giat-hoi-nuoc-steam-cycles-tren-may-giat-1079405\" style=\"margin: 0px; padding: 0px; border: 0px; vertical-align: baseline; text-decoration-line: none; color: rgb(40, 138, 214);\" target=\"_blank\" title=\"chức năng giặt bằng hơi nước Steam Cycles\">chức năng giặt bằng hơi nước Steam Cycles</a>, nước được l&agrave;m n&oacute;ng th&agrave;nh hơi v&agrave; phun li&ecirc;n tục v&agrave;o quần &aacute;o, kh&ocirc;ng cần sử dụng đến bột giặt. Chức năng n&agrave;y kh&aacute; th&iacute;ch hợp với những loại quần &aacute;o &iacute;t bẩn, mỏng, dễ nhăn, cần n&acirc;ng niu như quần &aacute;o trẻ em, &aacute;o sơ mi, vải voan, lụa...&nbsp; T&iacute;nh n&agrave;y hoạt động tốt ở chế độ giặt đồ trẻ em v&agrave; chăn ga giường.</p>\r\n	<p style=\"margin: 0px 0px 10px; padding: 0px; border: 0px; vertical-align: baseline; margin-block-start: 0px; margin-block-end: 0px; padding-inline-start: 0px; text-rendering: geometricprecision; font-size: 16px;\">\r\n		<img alt=\"Steam Cycles - Máy giặt Samsung Inverter 9 kg WW90K52E0WW/SV\" class=\"lazy\" data-=\"\" src=\"https://cdn.tgdd.vn/Products/Images/1944/155202/Slider/vi-vn-samsung-ww90k52e0ww-sv-hoi-nuoc.jpg\" style=\"margin: 15px auto 5px; padding: 0px; border: 0px; vertical-align: baseline; opacity: 1; transition: opacity 0.3s ease-in 0s; display: block; width: 780px; max-width: 100%; height: auto;\" title=\"Steam Cycles - Máy giặt Samsung Inverter 9 kg WW90K52E0WW/SV\" /></p>\r\n	<h3 style=\"margin: 1.5em auto 0.3em; padding: 0px; border: 0px; vertical-align: baseline; font-variant-numeric: normal; font-variant-east-asian: normal; font-weight: normal; font-stretch: normal; font-size: 22px; line-height: 1.4em; outline: none; zoom: 1;\">\r\n		Th&ecirc;m đồ trong khi giặt tiện lợi với cửa phụ Add Door</h3>\r\n	<p style=\"margin: 0px 0px 10px; padding: 0px; border: 0px; vertical-align: baseline; margin-block-start: 0px; margin-block-end: 0px; padding-inline-start: 0px; text-rendering: geometricprecision; font-size: 16px;\">\r\n		<a href=\"https://www.dienmayxanh.com/may-giat\" style=\"margin: 0px; padding: 0px; border: 0px; vertical-align: baseline; text-decoration-line: none; color: rgb(40, 138, 214);\" target=\"_blank\" title=\"Máy giặt \">M&aacute;y giặt&nbsp;</a>được thiết kế th&ecirc;m&nbsp;<a href=\"https://www.dienmayxanh.com/kinh-nghiem-hay/tinh-nang-them-do-giat-voi-cua-phu-add-door-tren-m-886805\" style=\"margin: 0px; padding: 0px; border: 0px; vertical-align: baseline; text-decoration-line: none; color: rgb(40, 138, 214);\" target=\"_blank\" title=\"cửa phụ\">cửa phụ</a>&nbsp;thuận tiện cho việc th&ecirc;m quần &aacute;o c&ograve;n s&oacute;t lại v&agrave;o khi đang trong qu&aacute; tr&igrave;nh giặt. Với thiết kế n&agrave;y, m&aacute;y giặt gi&uacute;p người d&ugrave;ng vừa tiết kiệm được thời gian giặt vừa đỡ tiền điện nước v&agrave;o cuối th&aacute;ng v&igrave; kh&ocirc;ng phải giặt th&ecirc;m 1 lần nữa cho những m&oacute;n đồ bạn qu&ecirc;n bỏ v&agrave;o.</p>\r\n	<p style=\"margin: 0px 0px 10px; padding: 0px; border: 0px; vertical-align: baseline; margin-block-start: 0px; margin-block-end: 0px; padding-inline-start: 0px; text-rendering: geometricprecision; font-size: 16px;\">\r\n		<img alt=\"Add door - Máy giặt Samsung Inverter 9 kg WW90K52E0WW/SV\" class=\"lazy\" data-=\"\" src=\"https://cdn.tgdd.vn/Products/Images/1944/155202/Slider/vi-vn-samsung-ww90k52e0ww-sv-add-door.gif\" style=\"margin: 15px auto 5px; padding: 0px; border: 0px; vertical-align: baseline; opacity: 1; transition: opacity 0.3s ease-in 0s; display: block; width: 780px; max-width: 100%; height: auto;\" title=\"Add door - Máy giặt Samsung Inverter 9 kg WW90K52E0WW/SV\" /></p>\r\n	<h3 style=\"margin: 1.5em auto 0.3em; padding: 0px; border: 0px; vertical-align: baseline; font-variant-numeric: normal; font-variant-east-asian: normal; font-weight: normal; font-stretch: normal; font-size: 22px; line-height: 1.4em; outline: none; zoom: 1;\">\r\n		Quần &aacute;o được bảo vệ bởi lồng giặt kim cương</h3>\r\n	<p style=\"margin: 0px 0px 10px; padding: 0px; border: 0px; vertical-align: baseline; margin-block-start: 0px; margin-block-end: 0px; padding-inline-start: 0px; text-rendering: geometricprecision; font-size: 16px;\">\r\n		Với thiết kế lỗ tho&aacute;t nước tr&ecirc;n<a href=\"https://www.dienmayxanh.com/kinh-nghiem-hay/cong-nghe-giat-tren-may-giat-samsung-586471#long-giat-kim-cuong\" style=\"margin: 0px; padding: 0px; border: 0px; vertical-align: baseline; text-decoration-line: none; color: rgb(40, 138, 214);\" target=\"_blank\" title=\" lồng giặt độc đáo như những viên kim cương\">&nbsp;lồng giặt độc đ&aacute;o như những vi&ecirc;n kim cương</a>&nbsp;xếp lại gần nhau, gi&uacute;p quần &aacute;o di chuyển mượt m&agrave; dễ d&agrave;ng, tr&aacute;nh t&igrave;nh trạng quần &aacute;o vướng v&agrave;o lồng giặt g&acirc;y sờn, r&aacute;ch, tưa chỉ. Tuy nhẹ nh&agrave;ng bảo vệ quần &aacute;o nhưng vẫn đảm bảo hiệu quả l&agrave;m sạch s&acirc;u trong từng sợi vải.</p>\r\n	<p style=\"margin: 0px 0px 10px; padding: 0px; border: 0px; vertical-align: baseline; margin-block-start: 0px; margin-block-end: 0px; padding-inline-start: 0px; text-rendering: geometricprecision; font-size: 16px;\">\r\n		<img alt=\"Lồng giặt kim cương - Máy giặt Samsung Inverter 9 kg WW90K52E0WW/SV\" class=\"lazy\" data-=\"\" src=\"https://cdn.tgdd.vn/Products/Images/1944/155202/Slider/vi-vn-samsung-ww90k52e0ww-sv-long-giat-1.jpg\" style=\"margin: 15px auto 5px; padding: 0px; border: 0px; vertical-align: baseline; opacity: 1; transition: opacity 0.3s ease-in 0s; display: block; width: 780px; max-width: 100%; height: auto;\" title=\"Lồng giặt kim cương - Máy giặt Samsung Inverter 9 kg WW90K52E0WW/SV\" /></p>\r\n	<h3 style=\"margin: 1.5em auto 0.3em; padding: 0px; border: 0px; vertical-align: baseline; font-variant-numeric: normal; font-variant-east-asian: normal; font-weight: normal; font-stretch: normal; font-size: 22px; line-height: 1.4em; outline: none; zoom: 1;\">\r\n		<a href=\"https://www.dienmayxanh.com/may-giat-nuoc-nong\" style=\"margin: 1.5em auto 0.3em; padding: 0px; border: 0px; vertical-align: baseline; text-decoration-line: none; color: rgb(40, 138, 214); font-variant-numeric: normal; font-variant-east-asian: normal; font-stretch: normal; line-height: 1.4em; outline: none; zoom: 1;\" target=\"_blank\" title=\"Giặt nước nóng\">Giặt nước n&oacute;ng</a>&nbsp;90 độ C diệt 99% vi khuẩn g&acirc;y dị ứng</h3>\r\n	<p style=\"margin: 0px 0px 10px; padding: 0px; border: 0px; vertical-align: baseline; margin-block-start: 0px; margin-block-end: 0px; padding-inline-start: 0px; text-rendering: geometricprecision; font-size: 16px;\">\r\n		Với t&iacute;nh năng n&agrave;y quần &aacute;o của bạn sẽ lu&ocirc;n sạch sẽ, thơm tho, kh&ocirc;ng c&ograve;n t&igrave;nh trạng cặn bột giặt b&aacute;m d&iacute;nh, bảo vệ rất tốt cho sức khoẻ của cả gia đ&igrave;nh.</p>\r\n	</article></div>\r\n<p>\r\n	&nbsp;</p>', 4, 0, 2, 8),
(4, 'Android Tivi TCL 43 inch L43S6500', 'android-tivi-tcl-43-inch-l43s6500', 20, 7690000, 0, 4, 1, 0, 0, '2019-09-17__tcl-43s6500-550x340.jpg', 'Android Tivi TCL 43 inch L43S6500', 'Android Tivi TCL 43 inch L43S6500', NULL, '2019-08-20 02:05:51', '2019-09-17 02:39:41', 'Thiết kế đơn giản, tinh tế, phù hợp cho phòng khách nhỏ và phòng ngủ.\r\nĐộ phân giải Full HD sắc nét.\r\nCông nghệ HDR kết hợp Micro Dimming cho hình ảnh sắc nét, màu sắc chính xác và độ tương phản tối ưu hơn.', '<div class=\"imgnote\" style=\"margin: 10px 0px; padding: 0px; border: 0px; vertical-align: baseline; overflow: hidden; color: rgb(51, 51, 51); font-family: Arial, Helvetica, sans-serif; font-size: 14px;\">\r\n	<img alt=\"Thông số kỹ thuật Android Tivi TCL 43 inch L43S6500\" class=\"lazy\" data-=\"\" height=\"585\" src=\"https://cdn.tgdd.vn/Products/Images/1942/188215/Kit/tivi-tcl-43s6500.jpg\" style=\"margin: 0px; padding: 0px; border: 0px; vertical-align: baseline; opacity: 1; transition: opacity 0.3s ease-in 0s; display: block; width: 780px; height: auto;\" width=\"780\" /></div>\r\n<div class=\"box-article\" style=\"margin: 0px; padding: 0px; border: 0px; vertical-align: baseline; color: rgb(51, 51, 51); font-family: Arial, Helvetica, sans-serif; font-size: 14px;\">\r\n	<article class=\"area_article visible\" id=\"tinh-nang\" style=\"margin: 0px; padding: 0px 0px 10px; border: 0px; vertical-align: baseline; overflow: visible; font-size: 15px; line-height: 22px;\">\r\n	<h3 style=\"margin: 1.5em auto 0.3em; padding: 0px; border: 0px; vertical-align: baseline; font-variant-numeric: normal; font-variant-east-asian: normal; font-weight: normal; font-stretch: normal; font-size: 22px; line-height: 1.4em; outline: none; zoom: 1;\">\r\n		Kiểu d&aacute;ng hiện đại, bắt mắt</h3>\r\n	<p style=\"margin: 0px 0px 10px; padding: 0px; border: 0px; vertical-align: baseline; margin-block-start: 0px; margin-block-end: 0px; padding-inline-start: 0px; text-rendering: geometricprecision; font-size: 16px;\">\r\n		<a href=\"https://www.dienmayxanh.com/tivi/tcl-43s6500\" style=\"margin: 0px; padding: 0px; border: 0px; vertical-align: baseline; text-decoration-line: none; color: rgb(40, 138, 214);\" target=\"_blank\" title=\"Android Tivi TCL 43 inch 43S6500\">Android Tivi TCL 43 inch 43S6500</a>&nbsp;mang trong m&igrave;nh vẻ ngo&agrave;i đơn giản, hiện đại nhưng kh&ocirc;ng k&eacute;m phần tinh tế sẽ l&agrave; m&oacute;n đồ trang tr&iacute; nội thất đắt gi&aacute; cho ph&ograve;ng kh&aacute;ch nh&agrave; bạn.</p>\r\n	<p style=\"margin: 0px 0px 10px; padding: 0px; border: 0px; vertical-align: baseline; margin-block-start: 0px; margin-block-end: 0px; padding-inline-start: 0px; text-rendering: geometricprecision; font-size: 16px;\">\r\n		<a href=\"https://www.dienmayxanh.com/tivi?g=tu-32-43-inch\" style=\"margin: 0px; padding: 0px; border: 0px; vertical-align: baseline; text-decoration-line: none; color: rgb(40, 138, 214);\" target=\"_blank\" title=\"Tivi 43 inch\">Tivi 43 inch</a>&nbsp;với k&iacute;ch thước nhỏ gọn gi&uacute;p bạn dễ d&agrave;ng bố tr&iacute;&nbsp;<a href=\"https://www.dienmayxanh.com/tivi\" style=\"margin: 0px; padding: 0px; border: 0px; vertical-align: baseline; text-decoration-line: none; color: rgb(40, 138, 214);\" target=\"_blank\" title=\"tivi\">tivi</a>&nbsp;v&agrave;o ph&ograve;ng kh&aacute;ch, ph&ograve;ng sinh hoạt chung hay treo tường tr&ecirc;n ph&ograve;ng ngủ.</p>\r\n	<p style=\"margin: 0px 0px 10px; padding: 0px; border: 0px; vertical-align: baseline; margin-block-start: 0px; margin-block-end: 0px; padding-inline-start: 0px; text-rendering: geometricprecision; font-size: 16px;\">\r\n		<img alt=\"Thiết kế - Android Tivi TCL 43 inch 43S6500\" class=\"lazy\" data-=\"\" src=\"https://cdn.tgdd.vn/Products/Images/1942/188215/tivi-tivi-led-tcl-43s6500-8.jpg\" style=\"margin: 15px auto 5px; padding: 0px; border: 0px; vertical-align: baseline; opacity: 1; transition: opacity 0.3s ease-in 0s; display: block; width: 780px; max-width: 100%; height: auto;\" title=\"Thiết kế - Android Tivi TCL 43 inch 43S6500\" /></p>\r\n	<h3 style=\"margin: 1.5em auto 0.3em; padding: 0px; border: 0px; vertical-align: baseline; font-variant-numeric: normal; font-variant-east-asian: normal; font-weight: normal; font-stretch: normal; font-size: 22px; line-height: 1.4em; outline: none; zoom: 1;\">\r\n		Độ ph&acirc;n giải&nbsp;<a href=\"https://www.dienmayxanh.com/kinh-nghiem-hay/diem-mat-nhung-do-phan-giai-pho-bien-hien-nay-tren-577178#full-hd\" style=\"margin: 1.5em auto 0.3em; padding: 0px; border: 0px; vertical-align: baseline; text-decoration-line: none; color: rgb(40, 138, 214); font-variant-numeric: normal; font-variant-east-asian: normal; font-stretch: normal; line-height: 1.4em; outline: none; zoom: 1;\" target=\"_blank\" title=\"Full HD\">Full HD</a>&nbsp;cho h&igrave;nh ảnh sắc n&eacute;t gấp 2 lần HD</h3>\r\n	<p style=\"margin: 0px 0px 10px; padding: 0px; border: 0px; vertical-align: baseline; margin-block-start: 0px; margin-block-end: 0px; padding-inline-start: 0px; text-rendering: geometricprecision; font-size: 16px;\">\r\n		<img alt=\"Độ phân giải - Android Tivi TCL 43 inch 43S6500\" class=\"lazy\" data-=\"\" src=\"https://cdn.tgdd.vn/Products/Images/1942/188215/tivi-tivi-led-tcl-43s6500-2.jpg\" style=\"margin: 15px auto 5px; padding: 0px; border: 0px; vertical-align: baseline; opacity: 1; transition: opacity 0.3s ease-in 0s; display: block; width: 780px; max-width: 100%; height: auto;\" title=\"Độ phân giải - Android Tivi TCL 43 inch 43S6500\" /></p>\r\n	<h3 style=\"margin: 1.5em auto 0.3em; padding: 0px; border: 0px; vertical-align: baseline; font-variant-numeric: normal; font-variant-east-asian: normal; font-weight: normal; font-stretch: normal; font-size: 22px; line-height: 1.4em; outline: none; zoom: 1;\">\r\n		C&ocirc;ng nghệ&nbsp;HDR tăng cường độ tương phản, m&agrave;u sắc mang đến những khung h&igrave;nh bắt mắt</h3>\r\n	<p style=\"margin: 0px 0px 10px; padding: 0px; border: 0px; vertical-align: baseline; margin-block-start: 0px; margin-block-end: 0px; padding-inline-start: 0px; text-rendering: geometricprecision; font-size: 16px;\">\r\n		<img alt=\"Công nghệ HDR - Android Tivi TCL 43 inch 43S6500\" class=\"lazy\" data-=\"\" src=\"https://cdn.tgdd.vn/Products/Images/1942/188215/tivi-tivi-led-tcl-43s6500.jpg\" style=\"margin: 15px auto 5px; padding: 0px; border: 0px; vertical-align: baseline; opacity: 1; transition: opacity 0.3s ease-in 0s; display: block; width: 780px; max-width: 100%; height: auto;\" title=\"Công nghệ HDR - Android Tivi TCL 43 inch 43S6500\" /></p>\r\n	<h3 style=\"margin: 1.5em auto 0.3em; padding: 0px; border: 0px; vertical-align: baseline; font-variant-numeric: normal; font-variant-east-asian: normal; font-weight: normal; font-stretch: normal; font-size: 22px; line-height: 1.4em; outline: none; zoom: 1;\">\r\n		C&ocirc;ng nghệ&nbsp;Micro Dimming&nbsp;tinh chỉnh m&agrave;u sắc, độ n&eacute;t cho khả năng hiển thị h&igrave;nh ảnh tối ưu</h3>\r\n	<p style=\"margin: 0px 0px 10px; padding: 0px; border: 0px; vertical-align: baseline; margin-block-start: 0px; margin-block-end: 0px; padding-inline-start: 0px; text-rendering: geometricprecision; font-size: 16px;\">\r\n		<img alt=\"Công nghệ Micro Dimming - Android Tivi TCL 43 inch 43S6500\" class=\"lazy\" data-=\"\" src=\"https://cdn.tgdd.vn/Products/Images/1942/188215/tivi-tivi-led-tcl-43s6500-1.jpg\" style=\"margin: 15px auto 5px; padding: 0px; border: 0px; vertical-align: baseline; opacity: 1; transition: opacity 0.3s ease-in 0s; display: block; width: 780px; max-width: 100%; height: auto;\" title=\"Công nghệ Micro Dimming - Android Tivi TCL 43 inch 43S6500\" /></p>\r\n	<h3 style=\"margin: 1.5em auto 0.3em; padding: 0px; border: 0px; vertical-align: baseline; font-variant-numeric: normal; font-variant-east-asian: normal; font-weight: normal; font-stretch: normal; font-size: 22px; line-height: 1.4em; outline: none; zoom: 1;\">\r\n		Hệ điều h&agrave;nh&nbsp;Android 8.0 dễ sử dụng t&iacute;ch hợp tr&iacute; tuệ nh&acirc;n tạo AI</h3>\r\n	<p style=\"margin: 0px 0px 10px; padding: 0px; border: 0px; vertical-align: baseline; margin-block-start: 0px; margin-block-end: 0px; padding-inline-start: 0px; text-rendering: geometricprecision; font-size: 16px;\">\r\n		<a href=\"https://www.dienmayxanh.com/tivi-tcl?g=smart-tivi\" style=\"margin: 0px; padding: 0px; border: 0px; vertical-align: baseline; text-decoration-line: none; color: rgb(40, 138, 214);\" target=\"_blank\" title=\"Smart tivi TCL\">Smart tivi TCL</a>&nbsp;được trang bị nhiều ứng dụng giải tr&iacute; phổ biến: Tr&igrave;nh duyệt web, YouTube, Netflix, FPT Play, Film+,&hellip; gi&uacute;p bạn xem phim, nghe nhạc sau những giờ l&agrave;m việc căng thẳng.</p>\r\n	<p style=\"margin: 0px 0px 10px; padding: 0px; border: 0px; vertical-align: baseline; margin-block-start: 0px; margin-block-end: 0px; padding-inline-start: 0px; text-rendering: geometricprecision; font-size: 16px;\">\r\n		Ngo&agrave;i ra bạn c&oacute; thể tải th&ecirc;m nhiều ứng dụng kh&aacute;c từ kho Google Play như: Fim+, Asphalt 8, ZingMp3, NCT,...</p>\r\n	<div style=\"margin: 0px; padding: 0px; border: 0px; vertical-align: baseline;\">\r\n		Với AI bạn chỉ cần d&ugrave;ng remote th&ocirc;ng minh để n&oacute;i v&agrave; ngay lập tức nhận lại kết quả t&igrave;m kiếm đ&uacute;ng như mong muốn gi&uacute;p n&acirc;ng cao trải nghiệm t&igrave;m kiếm tr&ecirc;n tivi của m&igrave;nh.</div>\r\n	</article></div>\r\n<p>\r\n	&nbsp;</p>', 0, 10, 2, 9);
INSERT INTO `products` (`id`, `pro_name`, `pro_slug`, `pro_category_id`, `pro_price`, `pro_author_id`, `pro_sale`, `pro_active`, `pro_hot`, `pro_view`, `pro_avatar`, `pro_title_seo`, `pro_description_seo`, `pro_keyword_seo`, `created_at`, `updated_at`, `pro_description`, `pro_content`, `pro_pay`, `pro_number`, `pro_total_rating`, `pro_total_number`) VALUES
(5, 'Smart Tivi LG 43 inch 43LM5700PTC Mẫu 2019', 'smart-tivi-lg-43-inch-43lm5700ptc-mau-2019', 20, 9900000, 0, 3, 1, 0, 0, '2019-09-17__cach-chuyen-file-tu-laptop-pc-sang-iphone-ipad-thumb.jpg', 'Smart Tivi LG 43 inch 43LM5700PTC Mẫu 2019', 'Smart Tivi LG 43 inch 43LM5700PTC Mẫu 2019', NULL, '2019-08-20 03:08:44', '2019-09-17 01:57:01', 'Công nghệ Active HDR và HDR Effect mang đến hình ảnh chân thật rõ nét.\r\nCông nghệ Resolution Upscaler giúp nâng cấp những hình ảnh độ phân giải thấp lên gần bằng với HD.', '<h3 style=\"margin: 1.5em auto 0.3em; padding: 0px; border: 0px; vertical-align: baseline; font-variant-numeric: normal; font-variant-east-asian: normal; font-weight: normal; font-stretch: normal; font-size: 22px; line-height: 1.4em; font-family: Arial, Helvetica, sans-serif; color: rgb(51, 51, 51); outline: none; zoom: 1;\">\r\n	Thiết kế đơn giản, tinh tế</h3>\r\n<p style=\"margin: 0px 0px 10px; padding: 0px; border: 0px; vertical-align: baseline; margin-block-start: 0px; margin-block-end: 0px; padding-inline-start: 0px; text-rendering: geometricprecision; font-size: 16px; color: rgb(51, 51, 51); font-family: Arial, Helvetica, sans-serif;\">\r\n	<a href=\"https://www.dienmayxanh.com/tivi/lg-43lm5700ptc\" style=\"margin: 0px; padding: 0px; border: 0px; vertical-align: baseline; text-decoration-line: none; color: rgb(40, 138, 214);\" target=\"_blank\" title=\"Smart Tivi LG 43 inch 43LM5700PTC\" type=\"Smart Tivi LG 43 inch 43LM5700PTC\">Smart Tivi LG 43 inch 43LM5700PTC</a>&nbsp;c&oacute; thiết kế viền mỏng v&agrave; phong c&aacute;ch, tạo n&ecirc;n sự h&agrave;i h&ograve;a với nội thất của bạn để tạo ra một trải nghiệm xem tốt hơn.</p>\r\n<p style=\"margin: 0px 0px 10px; padding: 0px; border: 0px; vertical-align: baseline; margin-block-start: 0px; margin-block-end: 0px; padding-inline-start: 0px; text-rendering: geometricprecision; font-size: 16px; color: rgb(51, 51, 51); font-family: Arial, Helvetica, sans-serif;\">\r\n	<a href=\"https://www.dienmayxanh.com/tivi-lg?g=tu-32-43-inch\" style=\"margin: 0px; padding: 0px; border: 0px; vertical-align: baseline; text-decoration-line: none; color: rgb(40, 138, 214);\" target=\"_blank\" title=\"Tivi LG 43 inch\" type=\"Tivi LG 43 inch\">Tivi LG 43 inch</a>&nbsp;ph&ugrave; hợp với c&aacute;c kh&ocirc;ng gian vừa v&agrave; nhỏ như ph&ograve;ng kh&aacute;ch, ph&ograve;ng ngủ,...</p>\r\n<p style=\"margin: 0px 0px 10px; padding: 0px; border: 0px; vertical-align: baseline; margin-block-start: 0px; margin-block-end: 0px; padding-inline-start: 0px; text-rendering: geometricprecision; font-size: 16px; color: rgb(51, 51, 51); font-family: Arial, Helvetica, sans-serif;\">\r\n	<img alt=\"Smart Tivi LG 43 inch 43LM5700PTC - Thiết kế đơn giản, tinh tế\" class=\"lazy\" data-=\"\" src=\"https://cdn.tgdd.vn/Products/Images/1942/203143/lg-43lm5700ptc-7.jpg\" style=\"margin: 15px auto 5px; padding: 0px; border: 0px; vertical-align: baseline; opacity: 1; transition: opacity 0.3s ease-in 0s; display: block; width: 780px; max-width: 100%; height: auto;\" title=\"Smart Tivi LG 43 inch 43LM5700PTC  - Thiết kế đơn giản, tinh tế\" /></p>\r\n<h3 style=\"margin: 1.5em auto 0.3em; padding: 0px; border: 0px; vertical-align: baseline; font-variant-numeric: normal; font-variant-east-asian: normal; font-weight: normal; font-stretch: normal; font-size: 22px; line-height: 1.4em; font-family: Arial, Helvetica, sans-serif; color: rgb(51, 51, 51); outline: none; zoom: 1;\">\r\n	&ETH;ộ ph&acirc;n giải&nbsp;<a href=\"https://www.dienmayxanh.com/kinh-nghiem-hay/diem-mat-nhung-do-phan-giai-pho-bien-hien-nay-tren-577178#full-hd\" style=\"margin: 1.5em auto 0.3em; padding: 0px; border: 0px; vertical-align: baseline; text-decoration-line: none; color: rgb(40, 138, 214); font-variant-numeric: normal; font-variant-east-asian: normal; font-stretch: normal; line-height: 1.4em; outline: none; zoom: 1;\">HD&nbsp;</a>kết hợp c&ocirc;ng nghệ&nbsp;<a href=\"https://www.dienmayxanh.com/kinh-nghiem-hay/nang-cap-hinh-anh-voi-cong-nghe-4k-upscaler-tren-t-661809\" style=\"margin: 1.5em auto 0.3em; padding: 0px; border: 0px; vertical-align: baseline; text-decoration-line: none; color: rgb(40, 138, 214); font-variant-numeric: normal; font-variant-east-asian: normal; font-stretch: normal; line-height: 1.4em; outline: none; zoom: 1;\" target=\"_blank\" title=\"Resolution Upscaler\" type=\"Resolution Upscaler\">Resolution Upscaler</a>&nbsp;cho h&igrave;nh ảnh r&otilde; n&eacute;t</h3>\r\n<p style=\"margin: 0px 0px 10px; padding: 0px; border: 0px; vertical-align: baseline; margin-block-start: 0px; margin-block-end: 0px; padding-inline-start: 0px; text-rendering: geometricprecision; font-size: 16px; color: rgb(51, 51, 51); font-family: Arial, Helvetica, sans-serif;\">\r\n	<a href=\"https://www.dienmayxanh.com/tivi-lg\" style=\"margin: 0px; padding: 0px; border: 0px; vertical-align: baseline; text-decoration-line: none; color: rgb(40, 138, 214);\" target=\"_blank\" title=\"Tivi LG\" type=\"Tivi LG\">Tivi LG&nbsp;</a>&nbsp;c&oacute;&nbsp;độ ph&acirc;n giải HD c&ugrave;ng với c&ocirc;ng nghệ Resolution Upscaler gi&uacute;p n&acirc;ng cấp những h&igrave;nh ảnh c&oacute; độ ph&acirc;n giải thấp l&ecirc;n gần bằng chuẩn HD mang đến h&igrave;nh ảnh chi tiết r&otilde; n&eacute;t hơn.</p>\r\n<p style=\"margin: 0px 0px 10px; padding: 0px; border: 0px; vertical-align: baseline; margin-block-start: 0px; margin-block-end: 0px; padding-inline-start: 0px; text-rendering: geometricprecision; font-size: 16px; color: rgb(51, 51, 51); font-family: Arial, Helvetica, sans-serif;\">\r\n	<img alt=\"Smart Tivi LG 43 inch 43LM5700PTC - độ phân giải\" class=\"lazy\" data-=\"\" src=\"https://cdn.tgdd.vn/Products/Images/1942/203143/lg-43lm5700ptc-13.jpg\" style=\"margin: 15px auto 5px; padding: 0px; border: 0px; vertical-align: baseline; opacity: 1; transition: opacity 0.3s ease-in 0s; display: block; width: 780px; max-width: 100%; height: auto;\" title=\"Smart Tivi LG 43 inch 43LM5700PTC - độ phân giải\" /></p>\r\n<h3 style=\"margin: 1.5em auto 0.3em; padding: 0px; border: 0px; vertical-align: baseline; font-variant-numeric: normal; font-variant-east-asian: normal; font-weight: normal; font-stretch: normal; font-size: 22px; line-height: 1.4em; font-family: Arial, Helvetica, sans-serif; color: rgb(51, 51, 51); outline: none; zoom: 1;\">\r\n	Bộ xử l&yacute; Quad Core xử l&iacute; h&igrave;nh ảnh giống như thật c&ugrave;ng với c&ocirc;ng nghệ&nbsp;<a href=\"https://www.dienmayxanh.com/kinh-nghiem-hay/cong-nghe-active-hdr-tren-tivi-oled-lg-la-gi-1002848\" style=\"margin: 1.5em auto 0.3em; padding: 0px; border: 0px; vertical-align: baseline; text-decoration-line: none; color: rgb(40, 138, 214); font-variant-numeric: normal; font-variant-east-asian: normal; font-stretch: normal; line-height: 1.4em; outline: none; zoom: 1;\" target=\"_blank\" title=\"Active HDR\" type=\"Active HDR\">Active HDR</a></h3>\r\n<p style=\"margin: 0px 0px 10px; padding: 0px; border: 0px; vertical-align: baseline; margin-block-start: 0px; margin-block-end: 0px; padding-inline-start: 0px; text-rendering: geometricprecision; font-size: 16px; color: rgb(51, 51, 51); font-family: Arial, Helvetica, sans-serif;\">\r\n	Gi&uacute;p&nbsp;<a href=\"https://www.dienmayxanh.com/tivi-lg?g=hd\" style=\"margin: 0px; padding: 0px; border: 0px; vertical-align: baseline; text-decoration-line: none; color: rgb(40, 138, 214);\" target=\"_blank\" title=\"Tham khảo tivi LG HD tại Điện máy XANH\">tivi LG HD</a>&nbsp;xử l&yacute; nhanh, ch&iacute;nh x&aacute;c. Gi&uacute;p h&igrave;nh ảnh độ ph&acirc;n giải thấp được tăng k&iacute;ch thước v&agrave; t&aacute;i tạo dưới dạng h&igrave;nh ảnh sắc n&eacute;t hơn, sống động hơn.</p>\r\n<p style=\"margin: 0px 0px 10px; padding: 0px; border: 0px; vertical-align: baseline; margin-block-start: 0px; margin-block-end: 0px; padding-inline-start: 0px; text-rendering: geometricprecision; font-size: 16px; color: rgb(51, 51, 51); font-family: Arial, Helvetica, sans-serif;\">\r\n	<img alt=\"Smart Tivi LG 43 inch 43LM5700PTC có bộ xử lý Quad Core xử lí hình ảnh giống như thật \" class=\"lazy\" data-=\"\" src=\"https://cdn.tgdd.vn/Products/Images/1942/203143/lg-43lm5700ptc-1.jpg\" style=\"margin: 15px auto 5px; padding: 0px; border: 0px; vertical-align: baseline; opacity: 1; transition: opacity 0.3s ease-in 0s; display: block; width: 780px; max-width: 100%; height: auto;\" title=\"Smart Tivi LG 43 inch 43LM5700PTC có bộ xử lý Quad Core xử lí hình ảnh giống như thật \" /></p>\r\n<h3 style=\"margin: 1.5em auto 0.3em; padding: 0px; border: 0px; vertical-align: baseline; font-variant-numeric: normal; font-variant-east-asian: normal; font-weight: normal; font-stretch: normal; font-size: 22px; line-height: 1.4em; font-family: Arial, Helvetica, sans-serif; color: rgb(51, 51, 51); outline: none; zoom: 1;\">\r\n	C&ocirc;ng nghệ &acirc;m thanh&nbsp;<a href=\"https://www.dienmayxanh.com/kinh-nghiem-hay/cong-nghe-am-thanh-tren-tivi-lg-2018-1106872#hmenuid2\" style=\"margin: 1.5em auto 0.3em; padding: 0px; border: 0px; vertical-align: baseline; text-decoration-line: none; color: rgb(40, 138, 214); font-variant-numeric: normal; font-variant-east-asian: normal; font-stretch: normal; line-height: 1.4em; outline: none; zoom: 1;\" target=\"_blank\" title=\"Công nghệ âm thanh DTS Virtual: X\" type=\"Công nghệ âm thanh DTS Virtual: X\">DTS Virtual: X</a>&nbsp;cho bạn thưởng thức &acirc;m thanh đa chiều, ho&agrave;n hảo từ mọi g&oacute;c độ</h3>\r\n<p style=\"margin: 0px 0px 10px; padding: 0px; border: 0px; vertical-align: baseline; margin-block-start: 0px; margin-block-end: 0px; padding-inline-start: 0px; text-rendering: geometricprecision; font-size: 16px; color: rgb(51, 51, 51); font-family: Arial, Helvetica, sans-serif;\">\r\n	<img alt=\"Smart Tivi LG 43 inch 43LM5700PTC  - Công nghệ âm thanh DTS Virtual: X \" class=\"lazy\" data-=\"\" src=\"https://cdn.tgdd.vn/Products/Images/1942/203143/lg-43lm5700ptc-2.jpg\" style=\"margin: 15px auto 5px; padding: 0px; border: 0px; vertical-align: baseline; opacity: 1; transition: opacity 0.3s ease-in 0s; display: block; width: 780px; max-width: 100%; height: auto;\" title=\"Smart Tivi LG 43 inch 43LM5700PTC  - Công nghệ âm thanh DTS Virtual: X \" /></p>\r\n<h3 style=\"margin: 1.5em auto 0.3em; padding: 0px; border: 0px; vertical-align: baseline; font-variant-numeric: normal; font-variant-east-asian: normal; font-weight: normal; font-stretch: normal; font-size: 22px; line-height: 1.4em; font-family: Arial, Helvetica, sans-serif; color: rgb(51, 51, 51); outline: none; zoom: 1;\">\r\n	Hệ điều h&agrave;nh&nbsp;<a href=\"https://www.dienmayxanh.com/kinh-nghiem-hay/webos-tren-tivi-lg-la-gi-581001\" style=\"margin: 1.5em auto 0.3em; padding: 0px; border: 0px; vertical-align: baseline; text-decoration-line: none; color: rgb(40, 138, 214); font-variant-numeric: normal; font-variant-east-asian: normal; font-stretch: normal; line-height: 1.4em; outline: none; zoom: 1;\" target=\"_blank\" title=\"WebOS\" type=\"WebOS\">WebOS</a>&nbsp;4.5 nhiều tiện &iacute;ch th&ocirc;ng minh, dễ sử dụng</h3>\r\n<p style=\"margin: 0px 0px 10px; padding: 0px; border: 0px; vertical-align: baseline; margin-block-start: 0px; margin-block-end: 0px; padding-inline-start: 0px; text-rendering: geometricprecision; font-size: 16px; color: rgb(51, 51, 51); font-family: Arial, Helvetica, sans-serif;\">\r\n	C&aacute;c ứng dụng sẵn c&oacute; tr&ecirc;n hệ điều h&agrave;nh như: Youtube, Netflix, Tr&igrave;nh duyệt web, LG Content Store,.. Tuy nhi&ecirc;n, bạn c&oacute; thể&nbsp;tải th&ecirc;m: FPT Play, ClipTV, Fim+, MyTV, Nhaccuatui, THVLi, HTV, Spotify, Zing TV,.. để ph&ugrave; hợp nhu cầu giải tr&iacute; của m&igrave;nh.</p>', 0, 10, 0, 0),
(6, 'Android Tivi Sony 4K 49 inch KD-49X8000E', 'android-tivi-sony-4k-49-inch-kd-49x8000e', 20, 16100000, 0, 5, 1, 0, 0, '2019-09-17__tivi-sony-kd-49x8000e-14-550x340.jpg', 'Android Tivi Sony 4K 49 inch KD-49X8000E', 'Android Tivi Sony 4K 49 inch KD-49X8000E', NULL, '2019-08-28 06:51:43', '2019-09-27 13:34:05', 'Độ phân giải 4K nét gấp 4 lần Full HD cùng công nghệ HDR mang lại hình ảnh sống động, chân thực.\r\nCông nghệ Triluminos độc quyền của Sony mang lại màu sắc tự nhiên, trung thực cho hình ảnh.', '<h3 style=\"margin: 1.5em auto 0.3em; padding: 0px; border: 0px; vertical-align: baseline; font-variant-numeric: normal; font-variant-east-asian: normal; font-weight: normal; font-stretch: normal; font-size: 22px; line-height: 1.4em; font-family: Arial, Helvetica, sans-serif; color: rgb(51, 51, 51); outline: none; zoom: 1;\">\r\n	Thiết kế ấn tượng với m&agrave;n h&igrave;nh mỏng</h3>\r\n<p style=\"margin: 0px 0px 10px; padding: 0px; border: 0px; vertical-align: baseline; margin-block-start: 0px; margin-block-end: 0px; padding-inline-start: 0px; text-rendering: geometricprecision; font-size: 16px; color: rgb(51, 51, 51); font-family: Arial, Helvetica, sans-serif;\">\r\n	Đặc biệt, ph&iacute;a sau chiếc<a href=\"https://www.dienmayxanh.com/tivi-sony\" style=\"margin: 0px; padding: 0px; border: 0px; vertical-align: baseline; text-decoration-line: none; color: rgb(40, 138, 214);\" target=\"_blank\" title=\"Tivi Sony\">&nbsp;tivi Sony</a>&nbsp;n&agrave;y, h&atilde;ng đ&atilde; tinh tế trang bị th&ecirc;m kh&ocirc;ng gian để bạn &quot;giấu&quot; c&aacute;c d&acirc;y c&aacute;p kết nối một c&aacute;ch gọn g&agrave;ng v&agrave; thẩm mỹ.</p>\r\n<p style=\"margin: 0px 0px 10px; padding: 0px; border: 0px; vertical-align: baseline; margin-block-start: 0px; margin-block-end: 0px; padding-inline-start: 0px; text-rendering: geometricprecision; font-size: 16px; color: rgb(51, 51, 51); font-family: Arial, Helvetica, sans-serif;\">\r\n	K&iacute;ch thước&nbsp;<a href=\"https://www.dienmayxanh.com/tivi-sony?g=tu-44-55-inch\" style=\"margin: 0px; padding: 0px; border: 0px; vertical-align: baseline; text-decoration-line: none; color: rgb(40, 138, 214);\" target=\"_blank\" title=\"Tivi Sony 49 inch\">tivi Sony 49 inch</a>&nbsp;rộng r&atilde;i, ph&ugrave; hợp với nhiều kh&ocirc;ng gian bố tr&iacute; trong nh&agrave;.</p>\r\n<h3 style=\"margin: 1.5em auto 0.3em; padding: 0px; border: 0px; vertical-align: baseline; font-variant-numeric: normal; font-variant-east-asian: normal; font-weight: normal; font-stretch: normal; font-size: 22px; line-height: 1.4em; font-family: Arial, Helvetica, sans-serif; color: rgb(51, 51, 51); outline: none; zoom: 1;\">\r\n	<img alt=\"Android Tivi Sony 43 inch KD-43X8000E - Thiết kế ấn tượng\" class=\"lazy\" data-=\"\" src=\"https://cdn.tgdd.vn/Products/Images/1942/89300/tivi-sony-kd-43x8000e-2-1.jpg\" style=\"margin: 15px auto 5px; padding: 0px; border: 0px; vertical-align: baseline; opacity: 1; transition: opacity 0.3s ease-in 0s; display: block; width: 780px; max-width: 100%; height: auto;\" title=\"Android Tivi Sony 43 inch KD-43X8000E - Thiết kế ấn tượng\" /></h3>\r\n<h3 style=\"margin: 1.5em auto 0.3em; padding: 0px; border: 0px; vertical-align: baseline; font-variant-numeric: normal; font-variant-east-asian: normal; font-weight: normal; font-stretch: normal; font-size: 22px; line-height: 1.4em; font-family: Arial, Helvetica, sans-serif; color: rgb(51, 51, 51); outline: none; zoom: 1;\">\r\n	Sắc n&eacute;t trong từng chi tiết với tivi 4K</h3>\r\n<p style=\"margin: 0px 0px 10px; padding: 0px; border: 0px; vertical-align: baseline; margin-block-start: 0px; margin-block-end: 0px; padding-inline-start: 0px; text-rendering: geometricprecision; font-size: 16px; color: rgb(51, 51, 51); font-family: Arial, Helvetica, sans-serif;\">\r\n	<a href=\"https://www.dienmayxanh.com/kinh-nghiem-hay/tivi-4k-la-gi-578555\" style=\"margin: 0px; padding: 0px; border: 0px; vertical-align: baseline; text-decoration-line: none; color: rgb(40, 138, 214);\" target=\"_blank\" title=\"Tivi 4K là gì?\">Độ ph&acirc;n giải Ultra HD 4K</a>&nbsp;của tivi sẽ&nbsp;<strong style=\"margin: 0px; padding: 0px; border: 0px; vertical-align: baseline;\">n&eacute;t gấp 4 lần tivi Full HD</strong>, nhờ đ&oacute; bạn sẽ nh&igrave;n thấy r&otilde; những chi tiết d&ugrave; nhỏ nhất tr&ecirc;n khung h&igrave;nh.</p>\r\n<p style=\"margin: 0px 0px 10px; padding: 0px; border: 0px; vertical-align: baseline; margin-block-start: 0px; margin-block-end: 0px; padding-inline-start: 0px; text-rendering: geometricprecision; font-size: 16px; color: rgb(51, 51, 51); font-family: Arial, Helvetica, sans-serif;\">\r\n	&nbsp;</p>\r\n<div class=\"ratingbox owl-carousel owl-theme\" style=\"margin: 0px; padding: 0px; border: 0px; vertical-align: baseline; position: relative; width: 780px; color: rgb(51, 51, 51); font-family: Arial, Helvetica, sans-serif; font-size: 15px; opacity: 1;\">\r\n	<div class=\"owl-wrapper-outer\" style=\"margin: 0px; padding: 0px; border: 0px; vertical-align: baseline; overflow: hidden; position: relative; width: 780px;\">\r\n		<div class=\"owl-wrapper\" style=\"margin: 0px; padding: 0px; border: 0px; vertical-align: baseline; position: relative; transform: translate3d(0px, 0px, 0px); backface-visibility: hidden; width: 4680px; left: 0px;\">\r\n			<div class=\"owl-item\" style=\"margin: 0px; padding: 0px; border: 0px; vertical-align: baseline; float: left; backface-visibility: hidden; transform: translate3d(0px, 0px, 0px); width: 780px;\">\r\n				<div class=\"item\" style=\"margin: 0px auto; padding: 0px; border: 0px; vertical-align: baseline; max-width: 550px; text-align: center;\">\r\n					<p style=\"margin: 0px 0px 10px; padding: 0px; border: 0px; vertical-align: baseline; margin-block-start: 0px; margin-block-end: 0px; padding-inline-start: 0px; text-rendering: geometricprecision; font-size: 20px; font-family: &quot;Times New Roman&quot;, Times, serif; line-height: 28px; font-style: italic;\">\r\n						<b style=\"margin: 0px 5px 0px 0px; padding: 0px; border: 0px; vertical-align: top; color: rgb(204, 204, 204); font-size: 30px; display: inline-block; font-style: normal;\">❝</b>H&igrave;nh ảnh thực xem b&ecirc;n ngo&agrave;i c&ograve;n n&eacute;t hơn h&igrave;nh ảnh chụp tr&ecirc;n web. Bạn n&agrave;o c&oacute; tầm tiền ok th&igrave; m&igrave;nh khuy&ecirc;n n&ecirc;n mua loại n&agrave;y.<b style=\"margin: 0px 5px; padding: 0px; border: 0px; vertical-align: top; color: rgb(204, 204, 204); font-size: 30px; display: inline-block; font-style: normal;\">❞</b></p>\r\n					<span class=\"info\" style=\"margin: 0px 0px 0px 170.5px; padding: 0px; border: 0px; vertical-align: baseline; color: rgb(102, 102, 102); font-size: 12px; font-style: italic; display: block; text-align: left;\"><b style=\"margin: 0px; padding: 0px; border: 0px; vertical-align: baseline;\">Kh&aacute;ch h&agrave;ng Đ&agrave;o Thị Hằng</b>&nbsp;- H&agrave; Nội<label class=\"sttB\" style=\"margin: 0px; padding: 0px; border: 0px; vertical-align: baseline; font-style: normal; font-variant-numeric: normal; font-variant-east-asian: normal; font-stretch: normal; line-height: 18px; color: rgb(74, 187, 77); outline: none; zoom: 1; display: block;\">Đ&atilde; mua tại Điện m&aacute;y XANH</label></span></div>\r\n			</div>\r\n			<div class=\"owl-item\" style=\"margin: 0px; padding: 0px; border: 0px; vertical-align: baseline; float: left; backface-visibility: hidden; transform: translate3d(0px, 0px, 0px); width: 780px;\">\r\n				<div class=\"item\" style=\"margin: 0px auto; padding: 0px; border: 0px; vertical-align: baseline; max-width: 550px; text-align: center;\">\r\n					<p style=\"margin: 0px 0px 10px; padding: 0px; border: 0px; vertical-align: baseline; margin-block-start: 0px; margin-block-end: 0px; padding-inline-start: 0px; text-rendering: geometricprecision; font-size: 20px; font-family: &quot;Times New Roman&quot;, Times, serif; line-height: 28px; font-style: italic;\">\r\n						<b style=\"margin: 0px 5px 0px 0px; padding: 0px; border: 0px; vertical-align: top; color: rgb(204, 204, 204); font-size: 30px; display: inline-block; font-style: normal;\">❝</b>H&igrave;nh ảnh rất n&eacute;t v&agrave; trung thực, rất h&agrave;i l&ograve;ng với h&igrave;nh ảnh tr&ecirc;n tivi.<b style=\"margin: 0px 5px; padding: 0px; border: 0px; vertical-align: top; color: rgb(204, 204, 204); font-size: 30px; display: inline-block; font-style: normal;\">❞</b></p>\r\n					<span class=\"info\" style=\"margin: 0px 0px 0px 170.5px; padding: 0px; border: 0px; vertical-align: baseline; color: rgb(102, 102, 102); font-size: 12px; font-style: italic; display: block; text-align: left;\"><b style=\"margin: 0px; padding: 0px; border: 0px; vertical-align: baseline;\">Kh&aacute;ch h&agrave;ng Ch&uacute;c Văn Quyến</b>&nbsp;- Hải Dương<label class=\"sttB\" style=\"margin: 0px; padding: 0px; border: 0px; vertical-align: baseline; font-style: normal; font-variant-numeric: normal; font-variant-east-asian: normal; font-stretch: normal; line-height: 18px; color: rgb(74, 187, 77); outline: none; zoom: 1; display: block;\">Đ&atilde; mua tại Điện m&aacute;y XANH</label></span></div>\r\n			</div>\r\n			<div class=\"owl-item\" style=\"margin: 0px; padding: 0px; border: 0px; vertical-align: baseline; float: left; backface-visibility: hidden; transform: translate3d(0px, 0px, 0px); width: 780px;\">\r\n				<div class=\"item\" style=\"margin: 0px auto; padding: 0px; border: 0px; vertical-align: baseline; max-width: 550px; text-align: center;\">\r\n					<p style=\"margin: 0px 0px 10px; padding: 0px; border: 0px; vertical-align: baseline; margin-block-start: 0px; margin-block-end: 0px; padding-inline-start: 0px; text-rendering: geometricprecision; font-size: 20px; font-family: &quot;Times New Roman&quot;, Times, serif; line-height: 28px; font-style: italic;\">\r\n						<b style=\"margin: 0px 5px 0px 0px; padding: 0px; border: 0px; vertical-align: top; color: rgb(204, 204, 204); font-size: 30px; display: inline-block; font-style: normal;\">❝</b>Đ&aacute;nh gi&aacute; cao chất lượng h&igrave;nh ảnh, bỏ tiền ra mua tivi để xem cho đ&atilde; mắt n&ecirc;n rất h&agrave;i l&ograve;ng.<b style=\"margin: 0px 5px; padding: 0px; border: 0px; vertical-align: top; color: rgb(204, 204, 204); font-size: 30px; display: inline-block; font-style: normal;\">❞</b></p>\r\n					<span class=\"info\" style=\"margin: 0px 0px 0px 170.5px; padding: 0px; border: 0px; vertical-align: baseline; color: rgb(102, 102, 102); font-size: 12px; font-style: italic; display: block; text-align: left;\"><b style=\"margin: 0px; padding: 0px; border: 0px; vertical-align: baseline;\">Anh Văn Ho&agrave;i</b>&nbsp;- Người sử dụng sản phẩm.</span></div>\r\n			</div>\r\n		</div>\r\n	</div>\r\n	<div class=\"owl-controls clickable\" style=\"margin: 0px; padding: 0px; border: 0px; vertical-align: baseline; user-select: none; -webkit-tap-highlight-color: rgba(0, 0, 0, 0); text-align: center;\">\r\n		<div class=\"owl-pagination\" style=\"margin: 0px; padding: 0px; border: 0px; vertical-align: baseline;\">\r\n			<div class=\"owl-page active\" style=\"margin: 0px; padding: 0px; border: 0px; vertical-align: baseline; cursor: pointer; display: inline-block; zoom: 1;\">\r\n				&nbsp;</div>\r\n			<div class=\"owl-page\" style=\"margin: 0px; padding: 0px; border: 0px; vertical-align: baseline; cursor: pointer; display: inline-block; zoom: 1;\">\r\n				&nbsp;</div>\r\n			<div class=\"owl-page\" style=\"margin: 0px; padding: 0px; border: 0px; vertical-align: baseline; cursor: pointer; display: inline-block; zoom: 1;\">\r\n				&nbsp;</div>\r\n		</div>\r\n	</div>\r\n</div>\r\n<p style=\"margin: 0px 0px 10px; padding: 0px; border: 0px; vertical-align: baseline; margin-block-start: 0px; margin-block-end: 0px; padding-inline-start: 0px; text-rendering: geometricprecision; font-size: 16px; color: rgb(51, 51, 51); font-family: Arial, Helvetica, sans-serif;\">\r\n	<a href=\"https://www.dienmayxanh.com/tivi-sony?g=smart-tivi\" style=\"margin: 0px; padding: 0px; border: 0px; vertical-align: baseline; text-decoration-line: none; color: rgb(40, 138, 214);\" target=\"_blank\" title=\"smart tivi Sony\">Smart tivi Sony</a>&nbsp;KD-49X8000E sẽ ph&aacute;t huy tối đa sức mạnh h&igrave;nh ảnh khi video m&agrave; bạn đang xem đạt chuẩn 4K. C&ograve;n nếu video của bạn đạt chuẩn Full HD, c&ocirc;ng nghệ&nbsp;4K X-Reality PRO sẽ n&acirc;ng cấp c&aacute;c nguồn video sao cho khi chiếu l&ecirc;n tivi sẽ&nbsp;<strong style=\"margin: 0px; padding: 0px; border: 0px; vertical-align: baseline;\">n&eacute;t gần bằng 4K</strong>.</p>\r\n<p style=\"margin: 0px 0px 10px; padding: 0px; border: 0px; vertical-align: baseline; margin-block-start: 0px; margin-block-end: 0px; padding-inline-start: 0px; text-rendering: geometricprecision; font-size: 16px; color: rgb(51, 51, 51); font-family: Arial, Helvetica, sans-serif;\">\r\n	<img alt=\"Android Tivi Sony 43 inch KD-43X8000E - Độ nét 4K\" class=\"lazy\" data-=\"\" src=\"https://cdn.tgdd.vn/Products/Images/1942/89300/tivi-sony-kd-43x8000e-3-1.jpg\" style=\"margin: 15px auto 5px; padding: 0px; border: 0px; vertical-align: baseline; opacity: 1; transition: opacity 0.3s ease-in 0s; display: block; width: 780px; max-width: 100%; height: auto;\" title=\"Android Tivi Sony 43 inch KD-43X8000E - Độ nét 4K\" /></p>\r\n<h3 style=\"margin: 1.5em auto 0.3em; padding: 0px; border: 0px; vertical-align: baseline; font-variant-numeric: normal; font-variant-east-asian: normal; font-weight: normal; font-stretch: normal; font-size: 22px; line-height: 1.4em; font-family: Arial, Helvetica, sans-serif; color: rgb(51, 51, 51); outline: none; zoom: 1;\">\r\n	H&igrave;nh ảnh đạt chuẩn&nbsp;<a href=\"https://www.dienmayxanh.com/kinh-nghiem-hay/nhung-dieu-can-biet-ve-tivi-hdr-805354\" style=\"margin: 1.5em auto 0.3em; padding: 0px; border: 0px; vertical-align: baseline; text-decoration-line: none; color: rgb(40, 138, 214); font-variant-numeric: normal; font-variant-east-asian: normal; font-stretch: normal; line-height: 1.4em; outline: none; zoom: 1;\" target=\"_blank\" title=\"Những điều cần biết về tivi HDR\">HDR</a>&nbsp;với độ tương phản ấn tượng</h3>\r\n<p style=\"margin: 0px 0px 10px; padding: 0px; border: 0px; vertical-align: baseline; margin-block-start: 0px; margin-block-end: 0px; padding-inline-start: 0px; text-rendering: geometricprecision; font-size: 16px; color: rgb(51, 51, 51); font-family: Arial, Helvetica, sans-serif;\">\r\n	<a href=\"https://www.dienmayxanh.com/tivi-sony?g=ultra-hd-4k\" style=\"margin: 0px; padding: 0px; border: 0px; vertical-align: baseline; text-decoration-line: none; color: rgb(40, 138, 214);\" target=\"_blank\" title=\"tivi Sony 4K\">Tivi Sony 4K</a>&nbsp;KD-49X8000E đạt được những y&ecirc;u cầu khắt khe của c&ocirc;ng nghệ HDR, mang đến cho bạn những khung h&igrave;nh c&oacute; độ s&aacute;ng tốt c&ugrave;ng sự tương phản r&otilde; r&agrave;ng đến từng điểm ảnh.</p>\r\n<p style=\"margin: 0px 0px 10px; padding: 0px; border: 0px; vertical-align: baseline; margin-block-start: 0px; margin-block-end: 0px; padding-inline-start: 0px; text-rendering: geometricprecision; font-size: 16px; color: rgb(51, 51, 51); font-family: Arial, Helvetica, sans-serif;\">\r\n	<img alt=\"Android Tivi Sony 43 inch KD-43X8000E - Công nghệ HDR\" class=\"lazy\" data-=\"\" src=\"https://cdn.tgdd.vn/Products/Images/1942/89300/tivi-sony-kd-43x8000e-16.gif\" style=\"margin: 15px auto 5px; padding: 0px; border: 0px; vertical-align: baseline; opacity: 1; transition: opacity 0.3s ease-in 0s; display: block; width: 780px; max-width: 100%; height: auto;\" title=\"Android Tivi Sony 43 inch KD-43X8000E - Công nghệ HDR\" /></p>\r\n<h3 style=\"margin: 1.5em auto 0.3em; padding: 0px; border: 0px; vertical-align: baseline; font-variant-numeric: normal; font-variant-east-asian: normal; font-weight: normal; font-stretch: normal; font-size: 22px; line-height: 1.4em; font-family: Arial, Helvetica, sans-serif; color: rgb(51, 51, 51); outline: none; zoom: 1;\">\r\n	<a href=\"https://www.dienmayxanh.com/kinh-nghiem-hay/tivi-sony-va-cac-cong-nghe-hinh-anh-doc-dao-575662#triluminos-display\" style=\"margin: 1.5em auto 0.3em; padding: 0px; border: 0px; vertical-align: baseline; text-decoration-line: none; color: rgb(40, 138, 214); font-variant-numeric: normal; font-variant-east-asian: normal; font-stretch: normal; line-height: 1.4em; outline: none; zoom: 1;\" target=\"_blank\" title=\"TRILUMINOS™ Display là gì?\">C&ocirc;ng nghệ&nbsp;TRILUMINOS Display</a>&nbsp;- Hiển thị ch&iacute;nh x&aacute;c h&agrave;ng triệu đến h&agrave;ng tỉ m&agrave;u sắc phong ph&uacute; trong tự nhi&ecirc;n</h3>\r\n<p style=\"margin: 0px 0px 10px; padding: 0px; border: 0px; vertical-align: baseline; margin-block-start: 0px; margin-block-end: 0px; padding-inline-start: 0px; text-rendering: geometricprecision; font-size: 16px; color: rgb(51, 51, 51); font-family: Arial, Helvetica, sans-serif;\">\r\n	<img alt=\"Android Tivi Sony 43 inch KD-43X8000E  - TRILUMINOS™ Display\" class=\"lazy\" data-=\"\" src=\"https://cdn.tgdd.vn/Products/Images/1942/89300/tivi-sony-kd-43x8000e-4-1.jpg\" style=\"margin: 15px auto 5px; padding: 0px; border: 0px; vertical-align: baseline; opacity: 1; transition: opacity 0.3s ease-in 0s; display: block; width: 780px; max-width: 100%; height: auto;\" title=\"Android Tivi Sony 43 inch KD-43X8000E  - TRILUMINOS™ Display\" /></p>\r\n<h3 style=\"margin: 1.5em auto 0.3em; padding: 0px; border: 0px; vertical-align: baseline; font-variant-numeric: normal; font-variant-east-asian: normal; font-weight: normal; font-stretch: normal; font-size: 22px; line-height: 1.4em; font-family: Arial, Helvetica, sans-serif; color: rgb(51, 51, 51); outline: none; zoom: 1;\">\r\n	Tivi th&ocirc;ng minh hệ điều h&agrave;nh&nbsp;<a href=\"https://www.dienmayxanh.com/kinh-nghiem-hay/android-tivi-la-gi-887606\" style=\"margin: 1.5em auto 0.3em; padding: 0px; border: 0px; vertical-align: baseline; text-decoration-line: none; color: rgb(40, 138, 214); font-variant-numeric: normal; font-variant-east-asian: normal; font-stretch: normal; line-height: 1.4em; outline: none; zoom: 1;\" target=\"_blank\" title=\"Android tivi là gì?\">Android</a>&nbsp;8.0</h3>\r\n<p style=\"margin: 0px 0px 10px; padding: 0px; border: 0px; vertical-align: baseline; margin-block-start: 0px; margin-block-end: 0px; padding-inline-start: 0px; text-rendering: geometricprecision; font-size: 16px; color: rgb(51, 51, 51); font-family: Arial, Helvetica, sans-serif;\">\r\n	Tr&ecirc;n chiếc&nbsp;<a href=\"https://www.dienmayxanh.com/tag/android-tivi-sony\" style=\"margin: 0px; padding: 0px; border: 0px; vertical-align: baseline; text-decoration-line: none; color: rgb(40, 138, 214);\" target=\"_blank\" title=\"Android TV Sony\">Android tivi Sony</a>&nbsp;n&agrave;y, bạn c&oacute; thể kết nối mạng cho tivi v&agrave; sử dụng h&agrave;ng trăm ứng dụng th&uacute; vị từ kho Google Play. Chẳng hạn, bạn c&oacute; thể đọc b&aacute;o bằng tr&igrave;nh duyệt web; xem phim tr&ecirc;n YouTube, Zing TV hay FPT Play; nghe nhạc tr&ecirc;n Zing Mp3 hay Google Play Music...</p>\r\n<p style=\"margin: 0px 0px 10px; padding: 0px; border: 0px; vertical-align: baseline; margin-block-start: 0px; margin-block-end: 0px; padding-inline-start: 0px; text-rendering: geometricprecision; font-size: 16px; color: rgb(51, 51, 51); font-family: Arial, Helvetica, sans-serif;\">\r\n	Đặc biệt, tivi&nbsp;n&agrave;y&nbsp;c&oacute; kho game cực k&igrave; ấn tượng với nhiều game được y&ecirc;u th&iacute;ch như:&nbsp;Asphalt 8, Modern Combat, The Walking Dead, Final Fantasy, The King Of Fighters, Despicable me...</p>\r\n<p style=\"margin: 0px 0px 10px; padding: 0px; border: 0px; vertical-align: baseline; margin-block-start: 0px; margin-block-end: 0px; padding-inline-start: 0px; text-rendering: geometricprecision; font-size: 16px; color: rgb(51, 51, 51); font-family: Arial, Helvetica, sans-serif;\">\r\n	&nbsp;</p>\r\n<div class=\"ratingbox owl-carousel owl-theme\" style=\"margin: 0px; padding: 0px; border: 0px; vertical-align: baseline; position: relative; width: 780px; color: rgb(51, 51, 51); font-family: Arial, Helvetica, sans-serif; font-size: 15px; opacity: 1;\">\r\n	<div class=\"owl-wrapper-outer\" style=\"margin: 0px; padding: 0px; border: 0px; vertical-align: baseline; overflow: hidden; position: relative; width: 780px;\">\r\n		<div class=\"owl-wrapper\" style=\"margin: 0px; padding: 0px; border: 0px; vertical-align: baseline; position: relative; transform: translate3d(0px, 0px, 0px); backface-visibility: hidden; width: 1560px; left: 0px;\">\r\n			<div class=\"owl-item\" style=\"margin: 0px; padding: 0px; border: 0px; vertical-align: baseline; float: left; backface-visibility: hidden; transform: translate3d(0px, 0px, 0px); width: 780px;\">\r\n				<div class=\"item\" style=\"margin: 0px auto; padding: 0px; border: 0px; vertical-align: baseline; max-width: 550px; text-align: center;\">\r\n					<p style=\"margin: 0px 0px 10px; padding: 0px; border: 0px; vertical-align: baseline; margin-block-start: 0px; margin-block-end: 0px; padding-inline-start: 0px; text-rendering: geometricprecision; font-size: 20px; font-family: &quot;Times New Roman&quot;, Times, serif; line-height: 28px; font-style: italic;\">\r\n						<b style=\"margin: 0px 5px 0px 0px; padding: 0px; border: 0px; vertical-align: top; color: rgb(204, 204, 204); font-size: 30px; display: inline-block; font-style: normal;\">❝</b>Tivi c&oacute; kho ứng dụng qu&aacute; tuyệt với, với m&igrave;nh kh&ocirc;ng c&oacute; g&igrave; để ch&ecirc; cả, ngo&agrave;i c&aacute;c ứng dụng mặc định th&igrave; c&oacute; thể v&agrave;o CH Play tải th&ecirc;m tr&ograve; chơi, ứng dụng karaoke, xem phim,... 5 sao cho tivi n&agrave;y<span style=\"margin: 0px; padding: 0px; border: 0px; vertical-align: baseline;\">.</span><b style=\"margin: 0px 5px; padding: 0px; border: 0px; vertical-align: top; color: rgb(204, 204, 204); font-size: 30px; display: inline-block; font-style: normal;\">❞</b></p>\r\n					<span class=\"info\" style=\"margin: 0px 0px 0px 170.5px; padding: 0px; border: 0px; vertical-align: baseline; color: rgb(102, 102, 102); font-size: 12px; font-style: italic; display: block; text-align: left;\"><b style=\"margin: 0px; padding: 0px; border: 0px; vertical-align: baseline;\">Kh&aacute;ch h&agrave;ng Ho&agrave;ng Ngọc Kim</b>&nbsp;- Hồ Ch&iacute; Minh<label class=\"sttB\" style=\"margin: 0px; padding: 0px; border: 0px; vertical-align: baseline; font-style: normal; font-variant-numeric: normal; font-variant-east-asian: normal; font-stretch: normal; line-height: 18px; color: rgb(74, 187, 77); outline: none; zoom: 1; display: block;\">Đ&atilde; mua tại Điện m&aacute;y XANH</label></span></div>\r\n			</div>\r\n		</div>\r\n	</div>\r\n</div>\r\n<p style=\"margin: 0px 0px 10px; padding: 0px; border: 0px; vertical-align: baseline; margin-block-start: 0px; margin-block-end: 0px; padding-inline-start: 0px; text-rendering: geometricprecision; font-size: 16px; color: rgb(51, 51, 51); font-family: Arial, Helvetica, sans-serif;\">\r\n	Nếu bao nhi&ecirc;u ứng dụng của tivi chưa đủ để thoả m&atilde;n nhu cầu giải tr&iacute; của bạn, th&igrave; hơn thế nữa tivi c&ograve;n cho ph&eacute;p<a href=\"https://www.dienmayxanh.com/kinh-nghiem-hay/cach-tai-ung-dung-ngoai-tren-android-tivi-sony-ban-728945\" style=\"margin: 0px; padding: 0px; border: 0px; vertical-align: baseline; text-decoration-line: none; color: rgb(40, 138, 214);\" target=\"_blank\" title=\"Cách tải ứng dụng ngoài trên Android tivi Sony bằng file apk\">&nbsp;c&agrave;i th&ecirc;m c&aacute;c ứng dụng ngo&agrave;i bằng file apk</a>.</p>\r\n<p style=\"margin: 0px 0px 10px; padding: 0px; border: 0px; vertical-align: baseline; margin-block-start: 0px; margin-block-end: 0px; padding-inline-start: 0px; text-rendering: geometricprecision; font-size: 16px; color: rgb(51, 51, 51); font-family: Arial, Helvetica, sans-serif;\">\r\n	<i style=\"margin: 0px; padding: 0px; border: 0px; vertical-align: baseline; display: inline-block;\">Lưu &yacute;: Để tải được ứng dụng từ Google Play, bạn phải&nbsp;<a href=\"https://www.dienmayxanh.com/kinh-nghiem-hay/cach-dang-nhap-tai-khoan-google-tren-android-tivi-837265\" style=\"margin: 0px; padding: 0px; border: 0px; vertical-align: baseline; text-decoration-line: none; color: rgb(40, 138, 214);\" target=\"_blank\" title=\"Cách đăng nhập tài khoản Google trên Android tivi Sony 2016\">đăng nhập t&agrave;i khoản Google</a>&nbsp;tr&ecirc;n tivi.</i></p>\r\n<p style=\"margin: 0px 0px 10px; padding: 0px; border: 0px; vertical-align: baseline; margin-block-start: 0px; margin-block-end: 0px; padding-inline-start: 0px; text-rendering: geometricprecision; font-size: 16px; color: rgb(51, 51, 51); font-family: Arial, Helvetica, sans-serif;\">\r\n	<img alt=\"Android Tivi Sony 4K 49 inch KD-49X8000E - Ứng dụng\" class=\"lazy\" data-=\"\" src=\"https://cdn.tgdd.vn/Products/Images/1942/101711/sony-kd-49x8000e-1.jpg\" style=\"margin: 15px auto 5px; padding: 0px; border: 0px; vertical-align: baseline; opacity: 1; transition: opacity 0.3s ease-in 0s; display: block; width: 780px; max-width: 100%; height: auto;\" title=\"Android Tivi Sony 4K 49 inch KD-49X8000E - Ứng dụng\" /></p>\r\n<h3 style=\"margin: 1.5em auto 0.3em; padding: 0px; border: 0px; vertical-align: baseline; font-variant-numeric: normal; font-variant-east-asian: normal; font-weight: normal; font-stretch: normal; font-size: 22px; line-height: 1.4em; font-family: Arial, Helvetica, sans-serif; color: rgb(51, 51, 51); outline: none; zoom: 1;\">\r\n	Điều khiển, t&igrave;m kiếm bằng giọng n&oacute;i&nbsp;tiếng Việt qua remote v&agrave;&nbsp;Google Assistant thuận tiện</h3>', 2, 8, 2, 9),
(12, 'Smart Tivi Sony 4K 49 inch KD-49X7000G Mẫu 2019', 'smart-tivi-sony-4k-49-inch-kd-49x7000g-mau-2019', 20, 16000000, 0, 2, 1, 0, 0, '2019-09-17__lg-49um7400pta-15-550x340.jpg', 'Smart Tivi Sony 4K 49 inch KD-49X7000G Mẫu 2019', 'Smart Tivi Sony 4K 49 inch KD-49X7000G Mẫu 2019', NULL, '2019-09-16 22:56:15', '2019-09-17 02:18:01', 'Kiểu dáng sang trọng, hiện đại.\r\nĐộ phân giải 4K sắc nét gấp 4 lần Full HD, cùng độ tương phản cao, màu sắc sống động, chi tiết nổi bật với công nghệ HDR10.\r\nTái hiện dải màu phong phú, chân thực hơn với công nghệ', '<h3 style=\"margin: 1.5em auto 0.3em; padding: 0px; border: 0px; vertical-align: baseline; font-variant-numeric: normal; font-variant-east-asian: normal; font-weight: normal; font-stretch: normal; font-size: 22px; line-height: 1.4em; font-family: Arial, Helvetica, sans-serif; color: rgb(51, 51, 51); outline: none; zoom: 1;\">\r\n	Kiểu d&aacute;ng sang trọng, hiện đại</h3>\r\n<p style=\"margin: 0px 0px 10px; padding: 0px; border: 0px; vertical-align: baseline; margin-block-start: 0px; margin-block-end: 0px; padding-inline-start: 0px; text-rendering: geometricprecision; font-size: 16px; color: rgb(51, 51, 51); font-family: Arial, Helvetica, sans-serif;\">\r\n	<a href=\"https://www.dienmayxanh.com/tivi/sony-kd-49x7000g\" style=\"margin: 0px; padding: 0px; border: 0px; vertical-align: baseline; text-decoration-line: none; color: rgb(40, 138, 214);\" target=\"_blank\" title=\"Smart Tivi Sony 4K 49 inch KD-49X7000G\">Smart Tivi Sony 4K 49 inch KD-49X7000G</a>&nbsp;sở hữu thiết kế cứng c&aacute;p, gọn g&agrave;ng c&ugrave;ng t&ocirc;ng m&agrave;u tối, mang đến sự h&agrave;i ho&agrave;, tối ưu cho căn ph&ograve;ng được bố tr&iacute;.</p>\r\n<p style=\"margin: 0px 0px 10px; padding: 0px; border: 0px; vertical-align: baseline; margin-block-start: 0px; margin-block-end: 0px; padding-inline-start: 0px; text-rendering: geometricprecision; font-size: 16px; color: rgb(51, 51, 51); font-family: Arial, Helvetica, sans-serif;\">\r\n	K&iacute;ch thước&nbsp;<a href=\"https://www.dienmayxanh.com/tivi?g=tu-44-54-inch#m:722&amp;g:90741&amp;o:1&amp;v:0\" style=\"margin: 0px; padding: 0px; border: 0px; vertical-align: baseline; text-decoration-line: none; color: rgb(40, 138, 214);\" target=\"_blank\" title=\"tivi Sony 49 inch\">tivi Sony 49 inch</a>, th&iacute;ch hợp sử dụng tại nhiều kh&ocirc;ng gian nội thất kh&aacute;c nhau như ph&ograve;ng kh&aacute;ch, ph&ograve;ng họp,... Ngo&agrave;i ra, với ch&acirc;n đế bằng kim loại chắc chắn, gi&uacute;p tivi đứng vững tr&ecirc;n nhiều bề mặt phẳng kh&aacute;c nhau.</p>\r\n<p style=\"margin: 0px 0px 10px; padding: 0px; border: 0px; vertical-align: baseline; margin-block-start: 0px; margin-block-end: 0px; padding-inline-start: 0px; text-rendering: geometricprecision; font-size: 16px; color: rgb(51, 51, 51); font-family: Arial, Helvetica, sans-serif;\">\r\n	<img alt=\"Smart Tivi Sony 4K 49 inch KD-49X7000G - thiết kế\" class=\"lazy\" data-=\"\" src=\"https://cdn.tgdd.vn/Products/Images/1942/202885/Slider/-sony-kd-49x7000g-1.jpg\" style=\"margin: 15px auto 5px; padding: 0px; border: 0px; vertical-align: baseline; opacity: 1; transition: opacity 0.3s ease-in 0s; display: block; width: 780px; max-width: 100%; height: auto;\" title=\"Smart Tivi Sony 4K 49 inch KD-49X7000G - thiết kế\" /></p>\r\n<h3 style=\"margin: 1.5em auto 0.3em; padding: 0px; border: 0px; vertical-align: baseline; font-variant-numeric: normal; font-variant-east-asian: normal; font-weight: normal; font-stretch: normal; font-size: 22px; line-height: 1.4em; font-family: Arial, Helvetica, sans-serif; color: rgb(51, 51, 51); outline: none; zoom: 1;\">\r\n	Độ ph&acirc;n giải&nbsp;<a href=\"https://www.dienmayxanh.com/tivi-sony?g=ultra-hd-4k\" style=\"margin: 1.5em auto 0.3em; padding: 0px; border: 0px; vertical-align: baseline; text-decoration-line: none; color: rgb(40, 138, 214); font-variant-numeric: normal; font-variant-east-asian: normal; font-stretch: normal; line-height: 1.4em; outline: none; zoom: 1;\" target=\"_blank\" title=\"tivi Sony 4K\">tivi Sony 4K</a>&nbsp;hiển thị chi tiết sắc n&eacute;t gấp 4 lần Full HD<img alt=\"Smart Tivi Sony 4K 49 inch KD-49X7000G - độ phân giải\" class=\"lazy\" data-=\"\" src=\"https://cdn.tgdd.vn/Products/Images/1942/202885/sony-kd-49x7000g-1.jpg\" style=\"margin: 15px auto 5px; padding: 0px; border: 0px; vertical-align: baseline; opacity: 1; transition: opacity 0.3s ease-in 0s; display: block; width: 780px; max-width: 100%; height: auto;\" title=\"Smart Tivi Sony 4K 49 inch KD-49X7000G - độ phân giải\" /></h3>\r\n<h3 style=\"margin: 1.5em auto 0.3em; padding: 0px; border: 0px; vertical-align: baseline; font-variant-numeric: normal; font-variant-east-asian: normal; font-weight: normal; font-stretch: normal; font-size: 22px; line-height: 1.4em; font-family: Arial, Helvetica, sans-serif; color: rgb(51, 51, 51); outline: none; zoom: 1;\">\r\n	Tăng cường độ tương phản, r&otilde; n&eacute;t cho m&agrave;u sắc trở n&ecirc;n sống động, ch&acirc;n thực hơn với c&ocirc;ng nghệ HDR10<img alt=\"Smart Tivi Sony 4K 49 inch KD-49X7000G - HDR10\" class=\"lazy\" data-=\"\" src=\"https://cdn.tgdd.vn/Products/Images/1942/202885/sony-kd-49x7000g-6.jpg\" style=\"margin: 15px auto 5px; padding: 0px; border: 0px; vertical-align: baseline; opacity: 1; transition: opacity 0.3s ease-in 0s; display: block; width: 780px; max-width: 100%; height: auto;\" title=\"Smart Tivi Sony 4K 49 inch KD-49X7000G - HDR10\" /></h3>\r\n<h3 style=\"margin: 1.5em auto 0.3em; padding: 0px; border: 0px; vertical-align: baseline; font-variant-numeric: normal; font-variant-east-asian: normal; font-weight: normal; font-stretch: normal; font-size: 22px; line-height: 1.4em; font-family: Arial, Helvetica, sans-serif; color: rgb(51, 51, 51); outline: none; zoom: 1;\">\r\n	C&ocirc;ng nghệ m&agrave;n h&igrave;nh&nbsp;<a href=\"https://www.dienmayxanh.com/kinh-nghiem-hay/tivi-sony-va-cac-cong-nghe-hinh-anh-doc-dao-575662#hmenuid3\" style=\"margin: 1.5em auto 0.3em; padding: 0px; border: 0px; vertical-align: baseline; text-decoration-line: none; color: rgb(40, 138, 214); font-variant-numeric: normal; font-variant-east-asian: normal; font-stretch: normal; line-height: 1.4em; outline: none; zoom: 1;\" target=\"_blank\" title=\"TRILUMINOS \">TRILUMINOS&nbsp;</a>mang đến khả năng t&aacute;i tạo dải sắc m&agrave;u mở rộng, rực rỡ hơn<img alt=\"Smart Tivi Sony 4K 49 inch KD-49X7000G - Triluminos\" class=\"lazy\" data-=\"\" src=\"https://cdn.tgdd.vn/Products/Images/1942/202885/sony-kd-49x7000g-8.jpg\" style=\"margin: 15px auto 5px; padding: 0px; border: 0px; vertical-align: baseline; opacity: 1; transition: opacity 0.3s ease-in 0s; display: block; width: 780px; max-width: 100%; height: auto;\" title=\"Smart Tivi Sony 4K 49 inch KD-49X7000G - Triluminos\" /></h3>\r\n<h3 style=\"margin: 1.5em auto 0.3em; padding: 0px; border: 0px; vertical-align: baseline; font-variant-numeric: normal; font-variant-east-asian: normal; font-weight: normal; font-stretch: normal; font-size: 22px; line-height: 1.4em; font-family: Arial, Helvetica, sans-serif; color: rgb(51, 51, 51); outline: none; zoom: 1;\">\r\n	N&acirc;ng cao chi tiết, chất lượng của nội dung h&igrave;nh ảnh thấp l&ecirc;n gần hơn với chuẩn 4K sắc n&eacute;t qua c&ocirc;ng nghệ&nbsp;<a href=\"https://www.dienmayxanh.com/kinh-nghiem-hay/nang-cap-hinh-anh-voi-cong-nghe-4k-x-reality-pro-t-653207\" style=\"margin: 1.5em auto 0.3em; padding: 0px; border: 0px; vertical-align: baseline; text-decoration-line: none; color: rgb(40, 138, 214); font-variant-numeric: normal; font-variant-east-asian: normal; font-stretch: normal; line-height: 1.4em; outline: none; zoom: 1;\" target=\"_blank\" title=\"4K X-Reality PRO\">4K X-Reality PRO</a></h3>\r\n<h3 style=\"margin: 1.5em auto 0.3em; padding: 0px; border: 0px; vertical-align: baseline; font-variant-numeric: normal; font-variant-east-asian: normal; font-weight: normal; font-stretch: normal; font-size: 22px; line-height: 1.4em; font-family: Arial, Helvetica, sans-serif; color: rgb(51, 51, 51); outline: none; zoom: 1;\">\r\n	<img alt=\"Smart Tivi Sony 4K 49 inch KD-49X7000G - 4K XReality PRO\" class=\"lazy\" data-=\"\" src=\"https://cdn.tgdd.vn/Products/Images/1942/202885/sony-kd-49x7000g-9.jpg\" style=\"margin: 15px auto 5px; padding: 0px; border: 0px; vertical-align: baseline; opacity: 1; transition: opacity 0.3s ease-in 0s; display: block; width: 780px; max-width: 100%; height: auto;\" title=\"Smart Tivi Sony 4K 49 inch KD-49X7000G - 4K XReality PRO\" /></h3>\r\n<h3 style=\"margin: 1.5em auto 0.3em; padding: 0px; border: 0px; vertical-align: baseline; font-variant-numeric: normal; font-variant-east-asian: normal; font-weight: normal; font-stretch: normal; font-size: 22px; line-height: 1.4em; font-family: Arial, Helvetica, sans-serif; color: rgb(51, 51, 51); outline: none; zoom: 1;\">\r\n	Xử l&yacute; chuyển động nhanh th&ecirc;m mượt m&agrave;, chi tiết hơn nhờ c&ocirc;ng nghệ&nbsp;<a href=\"https://www.dienmayxanh.com/kinh-nghiem-hay/y-nghia-cua-tan-so-quet-tren-tivi-542766\" style=\"margin: 1.5em auto 0.3em; padding: 0px; border: 0px; vertical-align: baseline; text-decoration-line: none; color: rgb(40, 138, 214); font-variant-numeric: normal; font-variant-east-asian: normal; font-stretch: normal; line-height: 1.4em; outline: none; zoom: 1;\" target=\"_blank\" title=\"Motionflow XR 200Hz\">Motionflow XR 200Hz</a></h3>', 0, 3, 0, 0);
INSERT INTO `products` (`id`, `pro_name`, `pro_slug`, `pro_category_id`, `pro_price`, `pro_author_id`, `pro_sale`, `pro_active`, `pro_hot`, `pro_view`, `pro_avatar`, `pro_title_seo`, `pro_description_seo`, `pro_keyword_seo`, `created_at`, `updated_at`, `pro_description`, `pro_content`, `pro_pay`, `pro_number`, `pro_total_rating`, `pro_total_number`) VALUES
(13, 'Máy giặt Electrolux Inverter 9 Kg EWF9025BQSA', 'may-giat-electrolux-inverter-9-kg-ewf9025bqsa', 1, 11490000, 0, 5, 1, 1, 0, '2019-09-17__electrolux-ewf9025bqsa-300x300.jpg', 'Máy giặt Electrolux Inverter 9 Kg EWF9025BQSA', 'Máy giặt Electrolux Inverter 9 Kg EWF9025BQSA', NULL, '2019-09-17 02:44:17', '2019-09-23 11:00:48', 'Thiết kế cửa máy giặt được cải tiến hơn với đường kính rộng lên đến 33 cm.\r\nGiặt hơi nước Vapour Care tiêu diệt vi khuẩn, bảo vệ sức khỏe cho các thành viên.\r\nĐộng cơ Inverter giúp máy giặt vận hành ổn định, bền bỉ, tiết kiệm điện, nước cho gia đình.', '<div class=\"imgnote\" style=\"margin: 10px 0px; padding: 0px; border: 0px; vertical-align: baseline; overflow: hidden; color: rgb(51, 51, 51); font-family: Arial, Helvetica, sans-serif; font-size: 14px;\">\r\n	<img alt=\"Thông số kỹ thuật Máy giặt Electrolux Inverter 9 Kg EWF9025BQSA\" class=\"lazy\" data-=\"\" height=\"585\" src=\"https://cdn.tgdd.vn/Products/Images/1944/195034/Kit/may-giat-electrolux-ewf9025bqsa.jpg\" style=\"margin: 0px; padding: 0px; border: 0px; vertical-align: baseline; opacity: 1; transition: opacity 0.3s ease-in 0s; display: block; width: 780px; height: auto;\" width=\"780\" /></div>\r\n<div class=\"box-article\" style=\"margin: 0px; padding: 0px; border: 0px; vertical-align: baseline; color: rgb(51, 51, 51); font-family: Arial, Helvetica, sans-serif; font-size: 14px;\">\r\n	<article class=\"area_article visible\" id=\"tinh-nang\" style=\"margin: 0px; padding: 0px 0px 10px; border: 0px; vertical-align: baseline; overflow: visible; font-size: 15px; line-height: 22px;\">\r\n	<h3 style=\"margin: 1.5em auto 0.3em; padding: 0px; border: 0px; vertical-align: baseline; font-variant-numeric: normal; font-variant-east-asian: normal; font-weight: normal; font-stretch: normal; font-size: 22px; line-height: 1.4em; outline: none; zoom: 1;\">\r\n		M&aacute;y giặt cửa trước m&agrave;u bạc sang trọng, hiện đại</h3>\r\n	<p style=\"margin: 0px 0px 10px; padding: 0px; border: 0px; vertical-align: baseline; margin-block-start: 0px; margin-block-end: 0px; padding-inline-start: 0px; text-rendering: geometricprecision; font-size: 16px;\">\r\n		<a href=\"https://www.dienmayxanh.com/may-giat/electrolux-ewf9025bqsa\" style=\"margin: 0px; padding: 0px; border: 0px; vertical-align: baseline; text-decoration-line: none; color: rgb(40, 138, 214);\" target=\"_blank\" title=\"Máy giặt Electrolux Inverter 9 Kg EWF9025CQSA\">M&aacute;y giặt Electrolux Inverter 9 Kg EWF9025BQSA</a>&nbsp;với kiểu d&aacute;ng&nbsp;<a href=\"https://www.dienmayxanh.com/may-giat?g=cua-truoc\" style=\"margin: 0px; padding: 0px; border: 0px; vertical-align: baseline; text-decoration-line: none; color: rgb(40, 138, 214);\" target=\"_blank\" title=\"cửa trước\">cửa trước</a>&nbsp;c&ugrave;ng sắc bạc sang trọng, hiện đại v&agrave; viền cửa chrome b&oacute;ng bẩy sẽ l&agrave; điểm nhấn cho kh&ocirc;ng gian nội thất của gia đ&igrave;nh.</p>\r\n	<p style=\"margin: 0px 0px 10px; padding: 0px; border: 0px; vertical-align: baseline; margin-block-start: 0px; margin-block-end: 0px; padding-inline-start: 0px; text-rendering: geometricprecision; font-size: 16px;\">\r\n		B&ecirc;n cạnh đ&oacute;, cửa m&aacute;y giặt được thiết kế kh&aacute; rộng, gi&uacute;p bạn thuận tiện trong việc bỏ v&agrave;o v&agrave; lấy quần &aacute;o ra.</p>\r\n	<p style=\"margin: 0px 0px 10px; padding: 0px; border: 0px; vertical-align: baseline; margin-block-start: 0px; margin-block-end: 0px; padding-inline-start: 0px; text-rendering: geometricprecision; font-size: 16px;\">\r\n		<img alt=\"Máy giặt Electrolux Inverter 9 Kg EWF9025BQSA - Thiết kế\" class=\"lazy\" data-=\"\" src=\"https://cdn.tgdd.vn/Products/Images/1944/195034/electrolux-ewf9025bqsa-10.jpg\" style=\"margin: 15px auto 5px; padding: 0px; border: 0px; vertical-align: baseline; opacity: 1; transition: opacity 0.3s ease-in 0s; display: block; width: 780px; max-width: 100%; height: auto;\" title=\"Máy giặt Electrolux Inverter 9 Kg EWF9025BQSA - Thiết kế\" /></p>\r\n	<h3 style=\"margin: 1.5em auto 0.3em; padding: 0px; border: 0px; vertical-align: baseline; font-variant-numeric: normal; font-variant-east-asian: normal; font-weight: normal; font-stretch: normal; font-size: 22px; line-height: 1.4em; outline: none; zoom: 1;\">\r\n		<a href=\"https://www.dienmayxanh.com/may-giat?g=tu-8-9-kg-3-5-nguoi\" style=\"margin: 1.5em auto 0.3em; padding: 0px; border: 0px; vertical-align: baseline; text-decoration-line: none; color: rgb(40, 138, 214); font-variant-numeric: normal; font-variant-east-asian: normal; font-stretch: normal; line-height: 1.4em; outline: none; zoom: 1;\" target=\"_blank\" title=\"Khối lượng giặt 9kg\">Khối lượng giặt 9kg</a></h3>\r\n	<p style=\"margin: 0px 0px 10px; padding: 0px; border: 0px; vertical-align: baseline; margin-block-start: 0px; margin-block-end: 0px; padding-inline-start: 0px; text-rendering: geometricprecision; font-size: 16px;\">\r\n		Nếu gia đ&igrave;nh bạn c&oacute; từ 4 đến 5 th&agrave;nh vi&ecirc;n, hoặc c&oacute; nhu cầu dồn quần &aacute;o giặt trong tuần th&igrave; đ&acirc;y l&agrave; sự lựa chọn kh&aacute; ph&ugrave; hợp khi sử dụng chiếc&nbsp;<a href=\"https://www.dienmayxanh.com/may-giat-electrolux?g=tu-8-9-kg-3-5-nguoi\" style=\"margin: 0px; padding: 0px; border: 0px; vertical-align: baseline; text-decoration-line: none; color: rgb(40, 138, 214);\" target=\"_blank\" title=\"máy giặt Electrolux 9 kg\">m&aacute;y giặt Electrolux 9 kg</a>&nbsp;n&agrave;y.</p>\r\n	<p style=\"margin: 0px 0px 10px; padding: 0px; border: 0px; vertical-align: baseline; margin-block-start: 0px; margin-block-end: 0px; padding-inline-start: 0px; text-rendering: geometricprecision; font-size: 16px;\">\r\n		<img alt=\"Máy giặt Electrolux Inverter 9 Kg EWF9025BQSA - Khối lượng\" class=\"lazy\" data-=\"\" src=\"https://cdn.tgdd.vn/Products/Images/1944/195034/electrolux-ewf9025bqsa-2.jpg\" style=\"margin: 15px auto 5px; padding: 0px; border: 0px; vertical-align: baseline; opacity: 1; transition: opacity 0.3s ease-in 0s; display: block; width: 780px; max-width: 100%; height: auto;\" title=\"Máy giặt Electrolux Inverter 9 Kg EWF9025BQSA - Khối lượng\" /></p>\r\n	<h3 style=\"margin: 1.5em auto 0.3em; padding: 0px; border: 0px; vertical-align: baseline; font-variant-numeric: normal; font-variant-east-asian: normal; font-weight: normal; font-stretch: normal; font-size: 22px; line-height: 1.4em; outline: none; zoom: 1;\">\r\n		C&ocirc;ng nghệ Inveter gi&uacute;p m&aacute;y vận h&agrave;nh &ecirc;m, tiết kiệm điện, nước</h3>\r\n	<p style=\"margin: 0px 0px 10px; padding: 0px; border: 0px; vertical-align: baseline; margin-block-start: 0px; margin-block-end: 0px; padding-inline-start: 0px; text-rendering: geometricprecision; font-size: 16px;\">\r\n		<img alt=\"Máy giặt Electrolux Inverter 9 Kg EWF9025BQSA - Công nghệ Inverter\" class=\"lazy\" data-=\"\" src=\"https://cdn.tgdd.vn/Products/Images/1944/195034/electrolux-ewf9025bqsa-3.jpg\" style=\"margin: 15px auto 5px; padding: 0px; border: 0px; vertical-align: baseline; opacity: 1; transition: opacity 0.3s ease-in 0s; display: block; width: 780px; max-width: 100%; height: auto;\" title=\"Máy giặt Electrolux Inverter 9 Kg EWF9025BQSA - Công nghệ Inverter\" /></p>\r\n	<h3 style=\"margin: 1.5em auto 0.3em; padding: 0px; border: 0px; vertical-align: baseline; font-variant-numeric: normal; font-variant-east-asian: normal; font-weight: normal; font-stretch: normal; font-size: 22px; line-height: 1.4em; outline: none; zoom: 1;\">\r\n		<a href=\"https://www.dienmayxanh.com/kinh-nghiem-hay/cac-chuc-nang-chinh-tren-may-giat-electrolux-739139#hmenuid4\" style=\"margin: 1.5em auto 0.3em; padding: 0px; border: 0px; vertical-align: baseline; text-decoration-line: none; color: rgb(40, 138, 214); font-variant-numeric: normal; font-variant-east-asian: normal; font-stretch: normal; line-height: 1.4em; outline: none; zoom: 1;\" target=\"_blank\" title=\"Giặt hơi nước Vapour Care\">Giặt hơi nước Vapour Care</a>&nbsp;diệt khuẩn, chống nhăn cho quần &aacute;o</h3>\r\n	<p style=\"margin: 0px 0px 10px; padding: 0px; border: 0px; vertical-align: baseline; margin-block-start: 0px; margin-block-end: 0px; padding-inline-start: 0px; text-rendering: geometricprecision; font-size: 16px;\">\r\n		Để bảo vệ cho l&agrave;n da của trẻ em hoặc người th&acirc;n trong gia đ&igrave;nh c&oacute; l&agrave;n da nhạy cảm, bạn c&oacute; thể sử dụng c&ocirc;ng nghệ giặt hơi nước Vapour Care của&nbsp;<a href=\"https://www.dienmayxanh.com/may-giat\" style=\"margin: 0px; padding: 0px; border: 0px; vertical-align: baseline; text-decoration-line: none; color: rgb(40, 138, 214);\" target=\"_blank\" title=\"máy giặt\">m&aacute;y giặt</a>. Với c&ocirc;ng nghệ n&agrave;y, m&aacute;y sẽ đun nước th&agrave;nh dạng hơi ở nhiệt độ cao rồi mới tiến h&agrave;nh giặt, nhờ vậy, quần &aacute;o sẽ được diệt khuẩn hiệu quả.</p>\r\n	<p style=\"margin: 0px 0px 10px; padding: 0px; border: 0px; vertical-align: baseline; margin-block-start: 0px; margin-block-end: 0px; padding-inline-start: 0px; text-rendering: geometricprecision; font-size: 16px;\">\r\n		Hơn nữa, t&iacute;nh năng n&agrave;y c&ograve;n g&oacute;p phần chống nhăn cho quần &aacute;o, gi&uacute;p bạn kh&ocirc;ng phải tốn nhiều thời gian l&agrave; ủi sau n&agrave;y.</p>\r\n	<p style=\"margin: 0px 0px 10px; padding: 0px; border: 0px; vertical-align: baseline; margin-block-start: 0px; margin-block-end: 0px; padding-inline-start: 0px; text-rendering: geometricprecision; font-size: 16px;\">\r\n		<img alt=\"Máy giặt Electrolux Inverter 9 Kg EWF9025BQSA - Công nghệ giặt hơi nước\" class=\"lazy\" data-=\"\" src=\"https://cdn.tgdd.vn/Products/Images/1944/195034/electrolux-ewf9025bqsa-4.jpg\" style=\"margin: 15px auto 5px; padding: 0px; border: 0px; vertical-align: baseline; opacity: 1; transition: opacity 0.3s ease-in 0s; display: block; width: 780px; max-width: 100%; height: auto;\" title=\"Máy giặt Electrolux Inverter 9 Kg EWF9025BQSA - Công nghệ giặt hơi nước\" /></p>\r\n	<h3 style=\"margin: 1.5em auto 0.3em; padding: 0px; border: 0px; vertical-align: baseline; font-variant-numeric: normal; font-variant-east-asian: normal; font-weight: normal; font-stretch: normal; font-size: 22px; line-height: 1.4em; outline: none; zoom: 1;\">\r\n		<a href=\"https://www.dienmayxanh.com/kinh-nghiem-hay/co-gi-ben-trong-nhung-chiec-may-giat-cua-ngang-ele-743167#hive\" style=\"margin: 1.5em auto 0.3em; padding: 0px; border: 0px; vertical-align: baseline; text-decoration-line: none; color: rgb(40, 138, 214); font-variant-numeric: normal; font-variant-east-asian: normal; font-stretch: normal; line-height: 1.4em; outline: none; zoom: 1;\" target=\"_blank\" title=\"Lồng giặt HIVE hình tổ ong\">Lồng giặt HIVE h&igrave;nh tổ ong</a>&nbsp;duy tr&igrave; độ bền cho quần &aacute;o</h3>\r\n	<p style=\"margin: 0px 0px 10px; padding: 0px; border: 0px; vertical-align: baseline; margin-block-start: 0px; margin-block-end: 0px; padding-inline-start: 0px; text-rendering: geometricprecision; font-size: 16px;\">\r\n		M&aacute;y giặt n&agrave;y được trang bị lồng giặt Hive với c&aacute;c gờ cong uốn mềm n&acirc;ng cao hiệu quả giặt sạch l&ecirc;n mức tối đa, đ&aacute;nh bật c&aacute;c vết bẩn cứng đầu tốt hơn m&agrave; kh&ocirc;ng g&acirc;y hư hại, m&ograve;n quần &aacute;o.</p>\r\n	</article></div>\r\n<p>\r\n	&nbsp;</p>', 0, 0, 0, 0),
(14, 'Tủ lạnh Midea Inverter 530 lít MRC-690SS', 'tu-lanh-midea-inverter-530-lit-mrc-690ss', 21, 12990000, 0, 3, 1, 0, 0, '2019-09-25__midea-mrc-690ss-3-org.jpg', 'Tủ lạnh Midea Inverter 530 lít MRC-690SS', 'Tủ lạnh Midea Inverter 530 lít MRC-690SS', NULL, '2019-09-25 03:58:37', '2019-09-25 10:52:11', 'Làm đá nhanh chỉ trong thời gian ngắn.\r\nĐộc đáo với tính năng chuông báo cửa mở.\r\nChức năng Holiday ngăn ngừa nấm mốc vô cùng tiện lợi.\r\nTrang bị đèn LED Eco cho bạn dễ dàng quan sát bên trong tủ.\r\nBộ lọc với các phân tử Ag+Cu mang đến bầu không khí sạch khuẩn cho thực phẩm tươi ngon lâu.', '<p>\r\n	<img alt=\"Thông số kỹ thuật Tủ lạnh Midea Inverter 530 lít MRC-690SS\" class=\"lazy\" data-=\"\" height=\"585\" src=\"https://cdn.tgdd.vn/Products/Images/1943/175855/Kit/tu-lanh-midea-mrc-690ss-1.jpg\" style=\"margin: 0px; padding: 0px; border: 0px; vertical-align: baseline; opacity: 1; transition: opacity 0.3s ease-in 0s; display: block; width: 780px; height: auto; color: rgb(51, 51, 51); font-family: Arial, Helvetica, sans-serif; font-size: 14px;\" width=\"780\" /></p>\r\n<h3 style=\"margin: 1.5em auto 0.3em; padding: 0px; border: 0px; vertical-align: baseline; font-variant-numeric: normal; font-variant-east-asian: normal; font-weight: normal; font-stretch: normal; font-size: 22px; line-height: 1.4em; font-family: Arial, Helvetica, sans-serif; color: rgb(51, 51, 51); outline: none; zoom: 1;\">\r\n	Tủ lạnh side by side sang trọng, đẳng cấp</h3>\r\n<p style=\"margin: 0px 0px 10px; padding: 0px; border: 0px; vertical-align: baseline; margin-block-start: 0px; margin-block-end: 0px; padding-inline-start: 0px; text-rendering: geometricprecision; font-size: 16px; color: rgb(51, 51, 51); font-family: Arial, Helvetica, sans-serif;\">\r\n	<a href=\"https://www.dienmayxanh.com/tu-lanh/midea-mrc-690ss\" style=\"margin: 0px; padding: 0px; border: 0px; vertical-align: baseline; text-decoration-line: none; color: rgb(40, 138, 214);\" target=\"_blank\" title=\"Tủ lạnh Midea 530 lít MRC-690SS\">Tủ lạnh Midea 530 l&iacute;t MRC-690SS</a>&nbsp;c&oacute; thiết kế 2 cửa lớn dạng side by side đẳng cấp, kết hợp c&ugrave;ng bảng điều khiển ngo&agrave;i sang trọng sẽ l&agrave;m nổi bật kh&ocirc;ng gian nội thất của gia đ&igrave;nh bạn.</p>\r\n<p style=\"margin: 0px 0px 10px; padding: 0px; border: 0px; vertical-align: baseline; margin-block-start: 0px; margin-block-end: 0px; padding-inline-start: 0px; text-rendering: geometricprecision; font-size: 16px; color: rgb(51, 51, 51); font-family: Arial, Helvetica, sans-serif;\">\r\n	Với&nbsp;<a 530=\"\" href=\"https://www.dienmayxanh.com/tu-lanh?g=tren-450-lit\" n=\"\" style=\"margin: 0px; padding: 0px; border: 0px; vertical-align: baseline; text-decoration-line: none; color: rgb(40, 138, 214);\" target=\"_blank\" title=\"dung tích \">dung t&iacute;ch &quot;khủng&quot; l&ecirc;n đến 530 l&iacute;t</a>, tủ lạnh ph&ugrave; hợp cho những gia đ&igrave;nh c&oacute; 4 - 5 th&agrave;nh vi&ecirc;n v&agrave; c&oacute; nhu cầu bảo quản thực phẩm cao.</p>\r\n<p style=\"margin: 0px 0px 10px; padding: 0px; border: 0px; vertical-align: baseline; margin-block-start: 0px; margin-block-end: 0px; padding-inline-start: 0px; text-rendering: geometricprecision; font-size: 16px; color: rgb(51, 51, 51); font-family: Arial, Helvetica, sans-serif;\">\r\n	<img alt=\"Tủ lạnh Midea 530 lít MRC-690SS\" class=\"lazy\" data-=\"\" src=\"https://cdn.tgdd.vn/Products/Images/1943/175855/tu-lanh-midea-mrc-690ss-6.jpg\" style=\"margin: 15px auto 5px; padding: 0px; border: 0px; vertical-align: baseline; opacity: 1; transition: opacity 0.3s ease-in 0s; display: block; width: 780px; max-width: 100%; height: auto;\" title=\"Tủ lạnh Midea 530 lít MRC-690SS\" /></p>\r\n<h3 style=\"margin: 1.5em auto 0.3em; padding: 0px; border: 0px; vertical-align: baseline; font-variant-numeric: normal; font-variant-east-asian: normal; font-weight: normal; font-stretch: normal; font-size: 22px; line-height: 1.4em; font-family: Arial, Helvetica, sans-serif; color: rgb(51, 51, 51); outline: none; zoom: 1;\">\r\n	Bộ lọc với c&aacute;c ph&acirc;n tử Ag+Cu&nbsp;mang đến bầu kh&ocirc;ng kh&iacute; sạch khuẩn cho thực phẩm tươi ngon l&acirc;u</h3>\r\n<p style=\"margin: 0px 0px 10px; padding: 0px; border: 0px; vertical-align: baseline; margin-block-start: 0px; margin-block-end: 0px; padding-inline-start: 0px; text-rendering: geometricprecision; font-size: 16px; color: rgb(51, 51, 51); font-family: Arial, Helvetica, sans-serif;\">\r\n	Nhờ&nbsp;<a href=\"https://www.dienmayxanh.com/kinh-nghiem-hay/cong-nghe-khang-khuan-tren-tu-lanh-sharp-585656#bo-khu-mui-bac-dong\" style=\"margin: 0px; padding: 0px; border: 0px; vertical-align: baseline; text-decoration-line: none; color: rgb(40, 138, 214);\" target=\"_blank\" title=\"Bộ lọc với các phân tử Ag+Cu\">bộ lọc với c&aacute;c ph&acirc;n tử Ag+Cu</a>&nbsp;(bạc v&agrave; đồng), chiếc tủ lạnh Midea n&agrave;y c&oacute; khả năng loại bỏ mọi vi khuẩn cũng như m&ugrave;i h&ocirc;i kh&oacute; chịu, mang đến bầu kh&ocirc;ng kh&iacute; trong l&agrave;nh cho thực phẩm b&ecirc;n trong tủ, gi&uacute;p thực phẩm tươi ngon l&acirc;u, hạn chế nguy cơ bị biến chất v&agrave; kh&ocirc;ng lẫn m&ugrave;i v&agrave;o nhau.</p>\r\n<p style=\"margin: 0px 0px 10px; padding: 0px; border: 0px; vertical-align: baseline; margin-block-start: 0px; margin-block-end: 0px; padding-inline-start: 0px; text-rendering: geometricprecision; font-size: 16px; color: rgb(51, 51, 51); font-family: Arial, Helvetica, sans-serif;\">\r\n	<img alt=\"Bộ lọc Ag+Cu - Tủ lạnh Midea 530 lít MRC-690SS\" class=\"lazy\" data-=\"\" src=\"https://cdn.tgdd.vn/Products/Images/1943/175855/tu-lanh-midea-mrc-690ss-1.jpg\" style=\"margin: 15px auto 5px; padding: 0px; border: 0px; vertical-align: baseline; opacity: 1; transition: opacity 0.3s ease-in 0s; display: block; width: 780px; max-width: 100%; height: auto;\" title=\"Bộ lọc Ag+Cu - Tủ lạnh Midea 530 lít MRC-690SS\" /></p>\r\n<h3 style=\"margin: 1.5em auto 0.3em; padding: 0px; border: 0px; vertical-align: baseline; font-variant-numeric: normal; font-variant-east-asian: normal; font-weight: normal; font-stretch: normal; font-size: 22px; line-height: 1.4em; font-family: Arial, Helvetica, sans-serif; color: rgb(51, 51, 51); outline: none; zoom: 1;\">\r\n	Trang bị đ&egrave;n LED Eco cho bạn dễ d&agrave;ng quan s&aacute;t b&ecirc;n trong tủ</h3>\r\n<p style=\"margin: 0px 0px 10px; padding: 0px; border: 0px; vertical-align: baseline; margin-block-start: 0px; margin-block-end: 0px; padding-inline-start: 0px; text-rendering: geometricprecision; font-size: 16px; color: rgb(51, 51, 51); font-family: Arial, Helvetica, sans-serif;\">\r\n	<a href=\"https://www.dienmayxanh.com/tu-lanh-midea-inverter\" style=\"margin: 0px; padding: 0px; border: 0px; vertical-align: baseline; text-decoration-line: none; color: rgb(40, 138, 214);\" target=\"_blank\" title=\"Tủ lạnh Midea Inverter\">Tủ lạnh Midea Inverter</a>&nbsp;MRC-690SS được trang bị đ&egrave;n LED Eco thế hệ mới. Kh&ocirc;ng chỉ tiết kiệm điện, bền bỉ với thời gian hơn so với đ&egrave;n d&acirc;y t&oacute;c, chiếc đ&egrave;n LED Eco n&agrave;y c&ograve;n mang đến khả năng chiếu s&aacute;ng ho&agrave;n hảo, cho bạn dễ d&agrave;ng quan s&aacute;t b&ecirc;n trong tủ.</p>\r\n<p style=\"margin: 0px 0px 10px; padding: 0px; border: 0px; vertical-align: baseline; margin-block-start: 0px; margin-block-end: 0px; padding-inline-start: 0px; text-rendering: geometricprecision; font-size: 16px; color: rgb(51, 51, 51); font-family: Arial, Helvetica, sans-serif;\">\r\n	<img alt=\"Đèn LED Eco - Tủ lạnh Midea 530 lít MRC-690SS\" class=\"lazy\" data-=\"\" src=\"https://cdn.tgdd.vn/Products/Images/1943/175855/tu-lanh-midea-mrc-690ss-7.jpg\" style=\"margin: 15px auto 5px; padding: 0px; border: 0px; vertical-align: baseline; opacity: 1; transition: opacity 0.3s ease-in 0s; display: block; width: 780px; max-width: 100%; height: auto;\" title=\"Đèn LED Eco - Tủ lạnh Midea 530 lít MRC-690SS\" /></p>\r\n<h3 style=\"margin: 1.5em auto 0.3em; padding: 0px; border: 0px; vertical-align: baseline; font-variant-numeric: normal; font-variant-east-asian: normal; font-weight: normal; font-stretch: normal; font-size: 22px; line-height: 1.4em; font-family: Arial, Helvetica, sans-serif; color: rgb(51, 51, 51); outline: none; zoom: 1;\">\r\n	Chức năng Holiday ngăn ngừa nấm mốc v&ocirc; c&ugrave;ng tiện lợi</h3>\r\n<p style=\"margin: 0px 0px 10px; padding: 0px; border: 0px; vertical-align: baseline; margin-block-start: 0px; margin-block-end: 0px; padding-inline-start: 0px; text-rendering: geometricprecision; font-size: 16px; color: rgb(51, 51, 51); font-family: Arial, Helvetica, sans-serif;\">\r\n	Với chức năng Holiday của&nbsp;<a href=\"https://www.dienmayxanh.com/tu-lanh\" style=\"margin: 0px; padding: 0px; border: 0px; vertical-align: baseline; text-decoration-line: none; color: rgb(40, 138, 214);\" target=\"_blank\" title=\"tủ lạnh\">tủ lạnh</a>, bạn c&oacute; thể y&ecirc;n t&acirc;m đi nghỉ m&aacute;t hoặc c&ocirc;ng t&aacute;c d&agrave;i ng&agrave;y m&agrave; kh&ocirc;ng lo tủ lạnh bị b&aacute;m m&ugrave;i h&ocirc;i mốc kh&oacute; chịu, ảnh hưởng đến chất lượng của thực phẩm b&ecirc;n trong.</p>\r\n<p style=\"margin: 0px 0px 10px; padding: 0px; border: 0px; vertical-align: baseline; margin-block-start: 0px; margin-block-end: 0px; padding-inline-start: 0px; text-rendering: geometricprecision; font-size: 16px; color: rgb(51, 51, 51); font-family: Arial, Helvetica, sans-serif;\">\r\n	<img alt=\"Chức năng Holiday - Tủ lạnh Midea 530 lít MRC-690SS\" class=\"lazy\" data-=\"\" src=\"https://cdn.tgdd.vn/Products/Images/1943/175855/tu-lanh-midea-mrc-690ss-3.jpg\" style=\"margin: 15px auto 5px; padding: 0px; border: 0px; vertical-align: baseline; opacity: 1; transition: opacity 0.3s ease-in 0s; display: block; width: 780px; max-width: 100%; height: auto;\" title=\"Chức năng Holiday - Tủ lạnh Midea 530 lít MRC-690SS\" /></p>\r\n<h3 style=\"margin: 1.5em auto 0.3em; padding: 0px; border: 0px; vertical-align: baseline; font-variant-numeric: normal; font-variant-east-asian: normal; font-weight: normal; font-stretch: normal; font-size: 22px; line-height: 1.4em; font-family: Arial, Helvetica, sans-serif; color: rgb(51, 51, 51); outline: none; zoom: 1;\">\r\n	Độc đ&aacute;o với t&iacute;nh năng&nbsp;chu&ocirc;ng b&aacute;o cửa mở</h3>\r\n<p style=\"margin: 0px 0px 10px; padding: 0px; border: 0px; vertical-align: baseline; margin-block-start: 0px; margin-block-end: 0px; padding-inline-start: 0px; text-rendering: geometricprecision; font-size: 16px; color: rgb(51, 51, 51); font-family: Arial, Helvetica, sans-serif;\">\r\n	Thiết kế&nbsp;<a href=\"https://www.dienmayxanh.com/kinh-nghiem-hay/vi-sao-nen-mua-tu-lanh-electrolux-598570#chuong-bao-mo-cua\" style=\"margin: 0px; padding: 0px; border: 0px; vertical-align: baseline; text-decoration-line: none; color: rgb(40, 138, 214);\" target=\"_blank\" title=\"Chuông báo cửa mở\">chu&ocirc;ng b&aacute;o cửa mở</a>&nbsp;l&agrave; một điểm cộng tuyệt vời của chiếc&nbsp;<a href=\"https://www.dienmayxanh.com/tu-lanh-midea\" style=\"margin: 0px; padding: 0px; border: 0px; vertical-align: baseline; text-decoration-line: none; color: rgb(40, 138, 214);\" target=\"_blank\" title=\"tủ lạnh Midea\">tủ lạnh&nbsp;Midea</a>&nbsp;n&agrave;y. Nếu chẳng may bạn qu&ecirc;n đ&oacute;ng cửa tủ hay cửa tủ bị hở trong thời gian d&agrave;i, tủ lạnh sẽ b&aacute;o hiệu để bạn kịp thời đ&oacute;ng tủ, ngăn chặn thất tho&aacute;t hơi lạnh cũng như tr&aacute;nh l&atilde;ng ph&iacute; điện năng v&ocirc; &iacute;ch cho gia đ&igrave;nh.</p>', 0, 10, 0, 0),
(15, 'Máy lạnh LG Inverter 1 HP V10ENH Mẫu 2019', 'may-lanh-lg-inverter-1-hp-v10enh-mau-2019', 2, 8790000, 0, 3, 1, 0, 0, '2019-09-26__may-lanh-lg-v10enh-1-550x160.jpg', 'Máy lạnh LG Inverter 1 HP V10ENH Mẫu 2019', 'Máy lạnh LG Inverter 1 HP V10ENH Mẫu 2019', NULL, '2019-09-26 04:26:59', '2019-10-03 09:56:03', 'Công nghệ Dual Inverter nâng cao hiệu quả tiết kiệm điện lên đến 70%.\r\nLàm lạnh nhanh chóng chỉ trong 3 phút đồng hồ với công nghệ Jet Cool.\r\nChế độ thổi gió dễ chịu Comfort Air mang lại hơi lạnh êm dịu, không lo bị cảm lạnh.', '<div class=\"imgnote\" style=\"margin: 10px 0px; padding: 0px; border: 0px; vertical-align: baseline; overflow: hidden; color: rgb(51, 51, 51); font-family: Arial, Helvetica, sans-serif; font-size: 14px;\">\r\n	<img alt=\"Thông số kỹ thuật Máy lạnh LG Inverter 1 HP V10ENH\" class=\"lazy\" data-=\"\" height=\"585\" src=\"https://cdn.tgdd.vn/Products/Images/2002/198373/Kit/may-lanh-lg-v10enh-1.jpg\" style=\"margin: 0px; padding: 0px; border: 0px; vertical-align: baseline; opacity: 1; transition: opacity 0.3s ease-in 0s; display: block; width: 780px; height: auto;\" width=\"780\" /></div>\r\n<div class=\"box-article\" style=\"margin: 0px; padding: 0px; border: 0px; vertical-align: baseline; color: rgb(51, 51, 51); font-family: Arial, Helvetica, sans-serif; font-size: 14px;\">\r\n	<article class=\"area_article visible\" id=\"tinh-nang\" style=\"margin: 0px; padding: 0px 0px 10px; border: 0px; vertical-align: baseline; overflow: visible; font-size: 15px; line-height: 22px;\">\r\n	<h3 style=\"margin: 1.5em auto 0.3em; padding: 0px; border: 0px; vertical-align: baseline; font-variant-numeric: normal; font-variant-east-asian: normal; font-weight: normal; font-stretch: normal; font-size: 22px; line-height: 1.4em; outline: none; zoom: 1;\">\r\n		Thiết kế nhỏ gọn, kh&ocirc;ng chiếm nhiều kh&ocirc;ng gian diện t&iacute;ch</h3>\r\n	<p style=\"margin: 0px 0px 10px; padding: 0px; border: 0px; vertical-align: baseline; margin-block-start: 0px; margin-block-end: 0px; padding-inline-start: 0px; text-rendering: geometricprecision; font-size: 16px;\">\r\n		<a href=\"https://www.dienmayxanh.com/may-lanh/lg-v10enh\" style=\"margin: 0px; padding: 0px; border: 0px; vertical-align: baseline; text-decoration-line: none; color: rgb(40, 138, 214);\" target=\"_blank\" title=\"Máy lạnh LG Inverter 1 HP V10ENH\">M&aacute;y lạnh LG Inverter 1 HP V10ENH</a>&nbsp;c&oacute; thiết kế đơn giản, nhỏ gọn sẽ kh&ocirc;ng chiếm nhiều kh&ocirc;ng gian diện t&iacute;ch của gia đ&igrave;nh bạn. Kết hợp với sắc trắng trung t&iacute;nh, m&aacute;y lạnh c&oacute; thể lắp đặt ở bất k&igrave; khu vực n&agrave;o trong gia đ&igrave;nh.</p>\r\n	<p style=\"margin: 0px 0px 10px; padding: 0px; border: 0px; vertical-align: baseline; margin-block-start: 0px; margin-block-end: 0px; padding-inline-start: 0px; text-rendering: geometricprecision; font-size: 16px;\">\r\n		Nếu bạn c&oacute; nhu cầu lắp m&aacute;y lạnh cho ph&ograve;ng c&oacute; diện t&iacute;ch dưới 15 m2 th&igrave; chiếc&nbsp;<a href=\"https://www.dienmayxanh.com/may-lanh-lg?g=1-hp\" style=\"margin: 0px; padding: 0px; border: 0px; vertical-align: baseline; text-decoration-line: none; color: rgb(40, 138, 214);\" target=\"_blank\" title=\"máy lạnh LG 1 HP\">m&aacute;y lạnh LG 1 HP</a>&nbsp;n&agrave;y ch&iacute;nh l&agrave; một sự lựa chọn v&ocirc; c&ugrave;ng l&yacute; tưởng.</p>\r\n	<p style=\"margin: 0px 0px 10px; padding: 0px; border: 0px; vertical-align: baseline; margin-block-start: 0px; margin-block-end: 0px; padding-inline-start: 0px; text-rendering: geometricprecision; font-size: 16px;\">\r\n		<img alt=\"Máy lạnh LG Inverter 1 HP V10ENH\" class=\"lazy\" data-=\"\" height=\"433\" src=\"https://cdn.tgdd.vn/Products/Images/2002/198373/Slider/vi-vn-lg-v10enh-1.jpg\" style=\"margin: 15px auto 5px; padding: 0px; border: 0px; vertical-align: baseline; opacity: 1; transition: opacity 0.3s ease-in 0s; display: block; width: 780px; max-width: 100%; height: 433px;\" title=\"Máy lạnh LG Inverter 1 HP V10ENH\" width=\"780\" /></p>\r\n	<h3 style=\"margin: 1.5em auto 0.3em; padding: 0px; border: 0px; vertical-align: baseline; font-variant-numeric: normal; font-variant-east-asian: normal; font-weight: normal; font-stretch: normal; font-size: 22px; line-height: 1.4em; outline: none; zoom: 1;\">\r\n		<a href=\"https://www.dienmayxanh.com/kinh-nghiem-hay/cong-nghe-dual-inverter-tren-dieu-hoa-lg-897446\" style=\"margin: 1.5em auto 0.3em; padding: 0px; border: 0px; vertical-align: baseline; text-decoration-line: none; color: rgb(40, 138, 214); font-variant-numeric: normal; font-variant-east-asian: normal; font-stretch: normal; line-height: 1.4em; outline: none; zoom: 1;\" target=\"_blank\" title=\"Công nghệ Dual Inverter\">C&ocirc;ng nghệ Dual Inverter</a>&nbsp;tiết kiệm điện tối ưu cho gia đ&igrave;nh</h3>\r\n	<p style=\"margin: 0px 0px 10px; padding: 0px; border: 0px; vertical-align: baseline; margin-block-start: 0px; margin-block-end: 0px; padding-inline-start: 0px; text-rendering: geometricprecision; font-size: 16px;\">\r\n		Nhờ được trang bị c&ocirc;ng nghệ Dual Inverter, chiếc&nbsp;<a href=\"https://www.dienmayxanh.com/may-lanh\" style=\"margin: 0px; padding: 0px; border: 0px; vertical-align: baseline; text-decoration-line: none; color: rgb(40, 138, 214);\" target=\"_blank\" title=\"máy lạnh\">m&aacute;y lạnh</a>&nbsp;LG n&agrave;y kh&ocirc;ng chỉ vận h&agrave;nh v&ocirc; c&ugrave;ng ổn định v&agrave; bền bỉ m&agrave; n&oacute; c&ograve;n c&oacute; thể gi&uacute;p gia đ&igrave;nh bạn tiết kiệm l&ecirc;n đến 70% điện năng ti&ecirc;u thụ h&agrave;ng th&aacute;ng.</p>\r\n	<p style=\"margin: 0px 0px 10px; padding: 0px; border: 0px; vertical-align: baseline; margin-block-start: 0px; margin-block-end: 0px; padding-inline-start: 0px; text-rendering: geometricprecision; font-size: 16px;\">\r\n		<img alt=\"Công nghệ Dual Inverter - Máy lạnh LG Inverter 1 HP V10ENH\" class=\"lazy\" data-=\"\" height=\"433\" src=\"https://cdn.tgdd.vn/Products/Images/2002/198373/Slider/vi-vn-lg-v10enh-2.jpg\" style=\"margin: 15px auto 5px; padding: 0px; border: 0px; vertical-align: baseline; opacity: 1; transition: opacity 0.3s ease-in 0s; display: block; width: 780px; max-width: 100%; height: 433px;\" title=\"Công nghệ Dual Inverter - Máy lạnh LG Inverter 1 HP V10ENH\" width=\"780\" /></p>\r\n	<h3 style=\"margin: 1.5em auto 0.3em; padding: 0px; border: 0px; vertical-align: baseline; font-variant-numeric: normal; font-variant-east-asian: normal; font-weight: normal; font-stretch: normal; font-size: 22px; line-height: 1.4em; outline: none; zoom: 1;\">\r\n		L&agrave;m lạnh căn ph&ograve;ng chỉ trong t&iacute;ch tắc với&nbsp;<a href=\"https://www.dienmayxanh.com/kinh-nghiem-hay/cac-che-do-lam-lanh-nhanh-thuong-gap-tren-may-lanh-837183#hmenuid14\" style=\"margin: 1.5em auto 0.3em; padding: 0px; border: 0px; vertical-align: baseline; text-decoration-line: none; color: rgb(40, 138, 214); font-variant-numeric: normal; font-variant-east-asian: normal; font-stretch: normal; line-height: 1.4em; outline: none; zoom: 1;\" target=\"_blank\" title=\"Công nghệ Jet Cool\">c&ocirc;ng nghệ Jet Cool</a></h3>\r\n	<p style=\"margin: 0px 0px 10px; padding: 0px; border: 0px; vertical-align: baseline; margin-block-start: 0px; margin-block-end: 0px; padding-inline-start: 0px; text-rendering: geometricprecision; font-size: 16px;\">\r\n		Với c&ocirc;ng nghệ Jet Cool,&nbsp;<a href=\"https://www.dienmayxanh.com/may-lanh-lg\" style=\"margin: 0px; padding: 0px; border: 0px; vertical-align: baseline; text-decoration-line: none; color: rgb(40, 138, 214);\" target=\"_blank\" title=\"máy lạnh LG\">m&aacute;y lạnh LG</a>&nbsp;sẽ hạ nhanh nhiệt độ ph&ograve;ng xuống 5 độ C sau 3 ph&uacute;t, nhanh ch&oacute;ng đưa căn ph&ograve;ng đạt được nhiệt độ c&agrave;i đặt, cho bạn v&agrave; người th&acirc;n được tận hưởng cảm gi&aacute;c m&aacute;t lạnh chỉ trong t&iacute;ch tắc.</p>\r\n	<p style=\"margin: 0px 0px 10px; padding: 0px; border: 0px; vertical-align: baseline; margin-block-start: 0px; margin-block-end: 0px; padding-inline-start: 0px; text-rendering: geometricprecision; font-size: 16px;\">\r\n		<img alt=\"Công nghệ Jet Cool - Máy lạnh LG Inverter 1 HP V10ENH\" class=\"lazy\" data-=\"\" height=\"433\" src=\"https://cdn.tgdd.vn/Products/Images/2002/198373/Slider/vi-vn-lg-v10enh-3.jpg\" style=\"margin: 15px auto 5px; padding: 0px; border: 0px; vertical-align: baseline; opacity: 1; transition: opacity 0.3s ease-in 0s; display: block; width: 780px; max-width: 100%; height: 433px;\" title=\"Công nghệ Jet Cool - Máy lạnh LG Inverter 1 HP V10ENH\" width=\"780\" /></p>\r\n	<h3 style=\"margin: 1.5em auto 0.3em; padding: 0px; border: 0px; vertical-align: baseline; font-variant-numeric: normal; font-variant-east-asian: normal; font-weight: normal; font-stretch: normal; font-size: 22px; line-height: 1.4em; outline: none; zoom: 1;\">\r\n		Chế độ thổi gi&oacute; dễ chịu của&nbsp;<a href=\"https://www.dienmayxanh.com/may-lanh-lg?g=may-lanh-inverter\" style=\"margin: 1.5em auto 0.3em; padding: 0px; border: 0px; vertical-align: baseline; text-decoration-line: none; color: rgb(40, 138, 214); font-variant-numeric: normal; font-variant-east-asian: normal; font-stretch: normal; line-height: 1.4em; outline: none; zoom: 1;\" target=\"_blank\" title=\"máy lạnh LG Inverter\">m&aacute;y lạnh LG Inverter</a>&nbsp;tr&aacute;nh thổi trực tiếp v&agrave;o người, kh&ocirc;ng g&acirc;y cảm gi&aacute;c lạnh buốt, kh&oacute; chịu</h3>\r\n	<p style=\"margin: 0px 0px 10px; padding: 0px; border: 0px; vertical-align: baseline; margin-block-start: 0px; margin-block-end: 0px; padding-inline-start: 0px; text-rendering: geometricprecision; font-size: 16px;\">\r\n		<img alt=\"Comfort Air - Máy lạnh LG Inverter 1 HP V10ENH\" class=\"lazy\" data-=\"\" height=\"433\" src=\"https://cdn.tgdd.vn/Products/Images/2002/198373/Slider/vi-vn-lg-v10enh-5.jpg\" style=\"margin: 15px auto 5px; padding: 0px; border: 0px; vertical-align: baseline; opacity: 1; transition: opacity 0.3s ease-in 0s; display: block; width: 780px; max-width: 100%; height: 433px;\" title=\"Comfort Air - Máy lạnh LG Inverter 1 HP V10ENH\" width=\"780\" /></p>\r\n	<h3 style=\"margin: 1.5em auto 0.3em; padding: 0px; border: 0px; vertical-align: baseline; font-variant-numeric: normal; font-variant-east-asian: normal; font-weight: normal; font-stretch: normal; font-size: 22px; line-height: 1.4em; outline: none; zoom: 1;\">\r\n		Chế độ ngủ đ&ecirc;m mang lại giấc ngủ ngon v&agrave; s&acirc;u hơn</h3>\r\n	<p style=\"margin: 0px 0px 10px; padding: 0px; border: 0px; vertical-align: baseline; margin-block-start: 0px; margin-block-end: 0px; padding-inline-start: 0px; text-rendering: geometricprecision; font-size: 16px;\">\r\n		Nhờ c&oacute; chế độ n&agrave;y m&agrave; trẻ nhỏ, người lớn tuổi c&oacute; thể ngủ ngon hơn v&agrave; hạn chế t&igrave;nh trạng thức giấc l&uacute;c nữa đ&ecirc;m do qu&aacute; lạnh. M&aacute;y sẽ điều chỉnh c&ocirc;ng suất để ph&ugrave; hợp với nhiệt độ ngo&agrave;i trời v&agrave; th&acirc;n nhiệt người d&ugrave;ng.</p>\r\n	<p style=\"margin: 0px 0px 10px; padding: 0px; border: 0px; vertical-align: baseline; margin-block-start: 0px; margin-block-end: 0px; padding-inline-start: 0px; text-rendering: geometricprecision; font-size: 16px;\">\r\n		<img alt=\"Chế độ ngủ đêm\" class=\"lazy\" data-=\"\" src=\"https://cdn.tgdd.vn/Products/Images/2002/198373/lg-v10enh-1.jpg\" style=\"margin: 15px auto 5px; padding: 0px; border: 0px; vertical-align: baseline; opacity: 1; transition: opacity 0.3s ease-in 0s; display: block; width: 780px; max-width: 100%; height: auto;\" title=\"Chế độ ngủ đêm\" /></p>\r\n	<h3 style=\"margin: 1.5em auto 0.3em; padding: 0px; border: 0px; vertical-align: baseline; font-variant-numeric: normal; font-variant-east-asian: normal; font-weight: normal; font-stretch: normal; font-size: 22px; line-height: 1.4em; outline: none; zoom: 1;\">\r\n		Tự khởi động lại khi c&oacute; điện</h3>\r\n	<p style=\"margin: 0px 0px 10px; padding: 0px; border: 0px; vertical-align: baseline; margin-block-start: 0px; margin-block-end: 0px; padding-inline-start: 0px; text-rendering: geometricprecision; font-size: 16px;\">\r\n		Khi c&uacute;p điện đột ngột, m&aacute;y lạnh sẽ tự động ghi nhớ c&aacute;c c&agrave;i đặt hiện tại như nhiệt độ, hướng gi&oacute;,... v&agrave; khi c&oacute; điện lại, m&aacute;y sẽ tự thiết lập lại c&aacute;c th&ocirc;ng số đ&atilde; ghi nhớ trước đ&oacute; m&agrave; kh&ocirc;ng cần sự can thiệp từ người d&ugrave;ng.</p>\r\n	<p style=\"margin: 0px 0px 10px; padding: 0px; border: 0px; vertical-align: baseline; margin-block-start: 0px; margin-block-end: 0px; padding-inline-start: 0px; text-rendering: geometricprecision; font-size: 16px;\">\r\n		<img alt=\"Tự khởi động lại khi có điện\" class=\"lazy\" data-=\"\" src=\"https://cdn.tgdd.vn/Products/Images/2002/198373/lg-v10enh.jpg\" style=\"margin: 15px auto 5px; padding: 0px; border: 0px; vertical-align: baseline; opacity: 1; transition: opacity 0.3s ease-in 0s; display: block; width: 780px; max-width: 100%; height: auto;\" title=\"Tự khởi động lại khi có điện\" /></p>\r\n	<h3 style=\"margin: 1.5em auto 0.3em; padding: 0px; border: 0px; vertical-align: baseline; font-variant-numeric: normal; font-variant-east-asian: normal; font-weight: normal; font-stretch: normal; font-size: 22px; line-height: 1.4em; outline: none; zoom: 1;\">\r\n		<a href=\"https://www.dienmayxanh.com/kinh-nghiem-hay/cac-loai-gas-tren-may-lanh-588213\" style=\"margin: 1.5em auto 0.3em; padding: 0px; border: 0px; vertical-align: baseline; text-decoration-line: none; color: rgb(40, 138, 214); font-variant-numeric: normal; font-variant-east-asian: normal; font-stretch: normal; line-height: 1.4em; outline: none; zoom: 1;\" target=\"_blank\" title=\"Gas R32\">Gas R32</a>&nbsp;- l&agrave;m lạnh nhanh, bảo vệ m&ocirc;i trường v&agrave; sức khỏe người d&ugrave;ng</h3>\r\n	<p style=\"margin: 0px 0px 10px; padding: 0px; border: 0px; vertical-align: baseline; margin-block-start: 0px; margin-block-end: 0px; padding-inline-start: 0px; text-rendering: geometricprecision; font-size: 16px;\">\r\n		Nhờ sử dụng Gas R32, m&aacute;y lạnh kh&ocirc;ng chỉ l&agrave;m lạnh nhanh ch&oacute;ng, hiệu quả m&agrave; n&oacute; c&ograve;n g&oacute;p phần bảo vệ cho m&ocirc;i trường cũng như sức khỏe của c&aacute;c th&agrave;nh vi&ecirc;n trong gia đ&igrave;nh.</p>\r\n	</article></div>\r\n<p>\r\n	&nbsp;</p>', 2, 8, 3, 14),
(16, 'Loa Bluetooth LG PK5', 'loa-bluetooth-lg-pk5', 3, 3500000, 0, 5, 1, 0, 0, '2019-09-26__lg-pk5-1-org.jpg', 'Loa Bluetooth LG PK5', 'Loa Bluetooth LG PK5', NULL, '2019-09-26 04:33:27', '2019-09-26 04:33:27', 'Thiết kế nhỏ gọn cùng tông màu đen mạnh mẽ.\r\nCó tay cầm tiện lợi khi di chuyển.\r\nCông suất loa 20 W mạnh mẽ.\r\nĐèn LED thay đổi linh hoạt theo bài hát.\r\nDung lượng pin 2600 mAh, sạc 4 tiếng cho thời gian sử dụng 16 tiếng.\r\nHỗ trợ kết nối Bluetooth, Jack in 3.5mm  và USB Type C.', '<div class=\"imgnote\" style=\"margin: 10px 0px; padding: 0px; border: 0px; vertical-align: baseline; overflow: hidden;\">\r\n	<img alt=\"Thông số kỹ thuật Loa Bluetooth LG PK5\" class=\"lazy\" data-=\"\" height=\"585\" src=\"https://cdn.tgdd.vn/Products/Images/2162/193422/Kit/lg-pk5-1.jpg\" style=\"margin: 0px; padding: 0px; border: 0px; vertical-align: baseline; opacity: 1; transition: opacity 0.3s ease-in 0s; display: block; width: 780px; height: auto;\" width=\"780\" /></div>\r\n<div class=\"box-article\" style=\"margin: 0px; padding: 0px; border: 0px; vertical-align: baseline;\">\r\n	<article class=\"area_article visible\" id=\"tinh-nang\" style=\"margin: 0px; padding: 0px 0px 10px; border: 0px; vertical-align: baseline; overflow: visible; font-size: 15px; color: rgb(51, 51, 51); line-height: 22px;\">\r\n	<h3 style=\"margin: 1.5em auto 0.3em; padding: 0px; border: 0px; vertical-align: baseline; font-variant-numeric: normal; font-variant-east-asian: normal; font-weight: normal; font-stretch: normal; font-size: 22px; line-height: 1.4em; font-family: Arial, Helvetica, sans-serif; outline: none; zoom: 1;\">\r\n		Thiết kế nhỏ gọn c&ugrave;ng t&ocirc;ng m&agrave;u đen mạnh mẽ</h3>\r\n	<p style=\"margin: 0px 0px 10px; padding: 0px; border: 0px; vertical-align: baseline; margin-block-start: 0px; margin-block-end: 0px; padding-inline-start: 0px; text-rendering: geometricprecision; font-size: 16px; font-family: Arial, Helvetica, sans-serif;\">\r\n		<a href=\"https://www.dienmayxanh.com/dan-loa-dvd/lg-pk5\" style=\"margin: 0px; padding: 0px; border: 0px; vertical-align: baseline; text-decoration-line: none; color: rgb(40, 138, 214);\" target=\"_blank\" title=\"Loa Bluetooth LG PK5\">Loa Bluetooth LG PK5</a>&nbsp;sở hữu chiều d&agrave;i 22 cm, rộng 11.9 cm cao 12.9 cm v&agrave; nặng chỉ&nbsp;1.2 KG rất nhỏ gọn v&agrave; dễ d&agrave;ng mang theo b&ecirc;n m&igrave;nh, cho v&agrave;o balo, t&uacute;i x&aacute;ch hoặc cũng c&oacute; thể đặt ngay tr&ecirc;n b&agrave;n học m&agrave; kh&ocirc;ng tốn qu&aacute; nhiều diện t&iacute;ch.</p>\r\n	<h3 style=\"margin: 1.5em auto 0.3em; padding: 0px; border: 0px; vertical-align: baseline; font-variant-numeric: normal; font-variant-east-asian: normal; font-weight: normal; font-stretch: normal; font-size: 22px; line-height: 1.4em; font-family: Arial, Helvetica, sans-serif; outline: none; zoom: 1;\">\r\n		<img alt=\"Thiết kế nhỏ gọn của Loa Bluetooth LG PK5\" class=\"lazy\" data-=\"\" src=\"https://cdn.tgdd.vn/Products/Images/2162/193422/dan-loa-dvd-lg-pk5-2.jpg\" style=\"margin: 15px auto 5px; padding: 0px; border: 0px; vertical-align: baseline; opacity: 1; transition: opacity 0.3s ease-in 0s; display: block; width: 780px; max-width: 100%; height: auto;\" title=\"Thiết kế nhỏ gọn của Loa Bluetooth LG PK5\" /></h3>\r\n	<h3 style=\"margin: 1.5em auto 0.3em; padding: 0px; border: 0px; vertical-align: baseline; font-variant-numeric: normal; font-variant-east-asian: normal; font-weight: normal; font-stretch: normal; font-size: 22px; line-height: 1.4em; font-family: Arial, Helvetica, sans-serif; outline: none; zoom: 1;\">\r\n		Trang bị tay cầm tiện lợi khi di chuyển</h3>\r\n	<p style=\"margin: 0px 0px 10px; padding: 0px; border: 0px; vertical-align: baseline; margin-block-start: 0px; margin-block-end: 0px; padding-inline-start: 0px; text-rendering: geometricprecision; font-size: 16px; font-family: Arial, Helvetica, sans-serif;\">\r\n		<img alt=\"Tay cầm của Loa Bluetooth LG PK5\" class=\"lazy\" data-=\"\" src=\"https://cdn.tgdd.vn/Products/Images/2162/193422/dan-loa-dvd-lg-pk5-10.jpg\" style=\"margin: 15px auto 5px; padding: 0px; border: 0px; vertical-align: baseline; opacity: 1; transition: opacity 0.3s ease-in 0s; display: block; width: 780px; max-width: 100%; height: auto;\" title=\"Tay cầm của Loa Bluetooth LG PK5\" /></p>\r\n	<h3 style=\"margin: 1.5em auto 0.3em; padding: 0px; border: 0px; vertical-align: baseline; font-variant-numeric: normal; font-variant-east-asian: normal; font-weight: normal; font-stretch: normal; font-size: 22px; line-height: 1.4em; font-family: Arial, Helvetica, sans-serif; outline: none; zoom: 1;\">\r\n		C&ocirc;ng suất loa mạnh mẽ c&ugrave;ng đ&egrave;n LED linh hoạt</h3>\r\n	<p style=\"margin: 0px 0px 10px; padding: 0px; border: 0px; vertical-align: baseline; margin-block-start: 0px; margin-block-end: 0px; padding-inline-start: 0px; text-rendering: geometricprecision; font-size: 16px; font-family: Arial, Helvetica, sans-serif;\">\r\n		<a href=\"https://www.dienmayxanh.com/dan-loa-dvd-lg\" style=\"margin: 0px; padding: 0px; border: 0px; vertical-align: baseline; text-decoration-line: none; color: rgb(40, 138, 214);\" target=\"_blank\" title=\"Loa LG\">Loa LG</a>&nbsp;n&agrave;y c&oacute; c&ocirc;ng suất loa&nbsp;20 W mạnh mẽ c&ugrave;ng nhiều c&ocirc;ng nghệ &acirc;m thanh hiện đại như:&nbsp;Enhanced Bass, Clear Vocal, Meridian Technology b&ecirc;n cạnh&nbsp;&aacute;nh đ&egrave;n LED hỗ trợ thay đổi linh hoạt theo b&agrave;i h&aacute;t, hứa hẹn sẽ mang đến bạn những ph&uacute;t gi&acirc;y trải nghiệm &acirc;m nhạc sống động trong từng khoảnh khắc.</p>\r\n	<p style=\"margin: 0px 0px 10px; padding: 0px; border: 0px; vertical-align: baseline; margin-block-start: 0px; margin-block-end: 0px; padding-inline-start: 0px; text-rendering: geometricprecision; font-size: 16px; font-family: Arial, Helvetica, sans-serif;\">\r\n		<img alt=\"Công suất loa mạnh mẽ cùng đèn LED linh hoạt của Loa Bluetooth LG PK5\" class=\"lazy\" data-=\"\" src=\"https://cdn.tgdd.vn/Products/Images/2162/193422/dan-loa-dvd-lg-pk5-3.jpg\" style=\"margin: 15px auto 5px; padding: 0px; border: 0px; vertical-align: baseline; opacity: 1; transition: opacity 0.3s ease-in 0s; display: block; width: 780px; max-width: 100%; height: auto;\" title=\"Công suất loa mạnh mẽ cùng đèn LED linh hoạt của Loa Bluetooth LG PK5\" /></p>\r\n	<h3 style=\"margin: 1.5em auto 0.3em; padding: 0px; border: 0px; vertical-align: baseline; font-variant-numeric: normal; font-variant-east-asian: normal; font-weight: normal; font-stretch: normal; font-size: 22px; line-height: 1.4em; font-family: Arial, Helvetica, sans-serif; outline: none; zoom: 1;\">\r\n		Thời gian sử dụng ngo&agrave;i trời ấn tượng</h3>\r\n	<p style=\"margin: 0px 0px 10px; padding: 0px; border: 0px; vertical-align: baseline; margin-block-start: 0px; margin-block-end: 0px; padding-inline-start: 0px; text-rendering: geometricprecision; font-size: 16px; font-family: Arial, Helvetica, sans-serif;\">\r\n		Với dung lượng pin 2600 mAh,&nbsp;<a href=\"https://www.dienmayxanh.com/dan-loa-dvd\" style=\"margin: 0px; padding: 0px; border: 0px; vertical-align: baseline; text-decoration-line: none; color: rgb(40, 138, 214);\" target=\"_blank\" title=\"loa\">loa</a>&nbsp;n&agrave;y c&oacute; khả năng hỗ trợ bạn nghe nhạc ở mọi nơi v&agrave; bất cứ khi n&agrave;o bạn muốn trong thời gian khoảng 16 - 18 tiếng (sạc đầy lại cho loa mất khoảng 4 - 6 tiếng).</p>\r\n	<p style=\"margin: 0px 0px 10px; padding: 0px; border: 0px; vertical-align: baseline; margin-block-start: 0px; margin-block-end: 0px; padding-inline-start: 0px; text-rendering: geometricprecision; font-size: 16px; font-family: Arial, Helvetica, sans-serif;\">\r\n		<img alt=\"Thời gian sử dụng và sạc của Loa Bluetooth LG PK5\" class=\"lazy\" data-=\"\" src=\"https://cdn.tgdd.vn/Products/Images/2162/193422/dan-loa-dvd-lg-pk5-5.jpg\" style=\"margin: 15px auto 5px; padding: 0px; border: 0px; vertical-align: baseline; opacity: 1; transition: opacity 0.3s ease-in 0s; display: block; width: 780px; max-width: 100%; height: auto;\" title=\"Thời gian sử dụng và sạc của Loa Bluetooth LG PK5\" /></p>\r\n	<h3 style=\"margin: 1.5em auto 0.3em; padding: 0px; border: 0px; vertical-align: baseline; font-variant-numeric: normal; font-variant-east-asian: normal; font-weight: normal; font-stretch: normal; font-size: 22px; line-height: 1.4em; font-family: Arial, Helvetica, sans-serif; outline: none; zoom: 1;\">\r\n		Kết nối dễ d&agrave;ng, nhanh ch&oacute;ng</h3>\r\n	<p style=\"margin: 0px 0px 10px; padding: 0px; border: 0px; vertical-align: baseline; margin-block-start: 0px; margin-block-end: 0px; padding-inline-start: 0px; text-rendering: geometricprecision; font-size: 16px; font-family: Arial, Helvetica, sans-serif;\">\r\n		Được trang bị sẵn c&ocirc;ng nghệ Bluetooth hiện đại n&ecirc;n bạn c&oacute; thể kết nối loa với điện thoại, m&aacute;y t&iacute;nh bảng,... để ph&aacute;t nhạc nhanh ch&oacute;ng, m&agrave; kh&ocirc;ng cần phải chuẩn bị d&acirc;y kết nối.</p>\r\n	<p style=\"margin: 0px 0px 10px; padding: 0px; border: 0px; vertical-align: baseline; margin-block-start: 0px; margin-block-end: 0px; padding-inline-start: 0px; text-rendering: geometricprecision; font-size: 16px; font-family: Arial, Helvetica, sans-serif;\">\r\n		B&ecirc;n cạnh đ&oacute;, loa c&ograve;n sở hữu cổng nhận t&iacute;n hiệu ph&aacute;t &acirc;m thanh từ c&aacute;c thiết bị kh&aacute;c th&ocirc;ng qua Jack 3.5.</p>\r\n	<div>\r\n		&nbsp;</div>\r\n	</article></div>\r\n<p>\r\n	&nbsp;</p>', 0, 10, 0, 0);
INSERT INTO `products` (`id`, `pro_name`, `pro_slug`, `pro_category_id`, `pro_price`, `pro_author_id`, `pro_sale`, `pro_active`, `pro_hot`, `pro_view`, `pro_avatar`, `pro_title_seo`, `pro_description_seo`, `pro_keyword_seo`, `created_at`, `updated_at`, `pro_description`, `pro_content`, `pro_pay`, `pro_number`, `pro_total_rating`, `pro_total_number`) VALUES
(17, 'Bếp hồng ngoại Sanaky SNK-2524HGN', 'bep-hong-ngoai-sanaky-snk-2524hgn', 18, 990000, 0, 2, 1, 0, 0, '2019-09-26__hong-ngoai-sanaky-at-2524hgn-daidien-1-300x300.jpg', 'Bếp hồng ngoại Sanaky SNK-2524HGN', 'Bếp hồng ngoại Sanaky SNK-2524HGN', NULL, '2019-09-26 04:38:45', '2019-09-27 12:26:49', 'Mặt bếp bằng kính chịu nhiệt dễ vệ sinh.\r\nBảng điều khiển cảm ứng kết hợp núm vặn hiện đại.\r\n5 chế độ nấu đa năng: nướng, xào, nấu nước, nấu lẩu, nấu súp.\r\nHẹn giờ nấu tiện ích, khóa bảng điều khiển đảm bảo an toàn cho trẻ nhỏ.', '<div class=\"imgnote\" style=\"margin: 10px 0px; padding: 0px; border: 0px; vertical-align: baseline; overflow: hidden; color: rgb(51, 51, 51); font-family: Arial, Helvetica, sans-serif; font-size: 14px;\">\r\n	<img alt=\"Thông số kỹ thuật Bếp hồng ngoại Sanaky SNK-2524HGN\" class=\"lazy\" data-=\"\" height=\"585\" src=\"https://cdn.tgdd.vn/Products/Images/3305/63990/Kit/hong-ngoai-sanaky-at-2524hgn.jpg\" style=\"margin: 0px; padding: 0px; border: 0px; vertical-align: baseline; opacity: 1; transition: opacity 0.3s ease-in 0s; display: block; width: 780px; height: auto;\" width=\"780\" /></div>\r\n<div class=\"box-article\" style=\"margin: 0px; padding: 0px; border: 0px; vertical-align: baseline; color: rgb(51, 51, 51); font-family: Arial, Helvetica, sans-serif; font-size: 14px;\">\r\n	<article class=\"area_article visible\" id=\"tinh-nang\" style=\"margin: 0px; padding: 0px 0px 10px; border: 0px; vertical-align: baseline; overflow: visible; font-size: 15px; line-height: 22px;\">\r\n	<h3 style=\"margin: 1.5em auto 0.3em; padding: 0px; border: 0px; vertical-align: baseline; font-variant-numeric: normal; font-variant-east-asian: normal; font-weight: normal; font-stretch: normal; font-size: 22px; line-height: 1.4em; outline: none; zoom: 1;\">\r\n		Mặt&nbsp;<a href=\"https://www.dienmayxanh.com/bep-hong-ngoai\" style=\"margin: 1.5em auto 0.3em; padding: 0px; border: 0px; vertical-align: baseline; text-decoration-line: none; color: rgb(40, 138, 214); font-variant-numeric: normal; font-variant-east-asian: normal; font-stretch: normal; line-height: 1.4em; outline: none; zoom: 1;\" target=\"_blank\" title=\"bếp hồng ngoại\">bếp hồng ngoại</a>&nbsp;bằng k&iacute;nh chịu nhiệt, dễ&nbsp;<a href=\"http://www.dienmayxanh.com/kinh-nghiem-hay/cac-cach-de-ve-sinh-bep-hong-ngoai-535562\" style=\"margin: 1.5em auto 0.3em; padding: 0px; border: 0px; vertical-align: baseline; text-decoration-line: none; color: rgb(40, 138, 214); font-variant-numeric: normal; font-variant-east-asian: normal; font-stretch: normal; line-height: 1.4em; outline: none; zoom: 1;\" target=\"_blank\" title=\"vệ sinh\">vệ sinh</a></h3>\r\n	<p style=\"margin: 0px 0px 10px; padding: 0px; border: 0px; vertical-align: baseline; margin-block-start: 0px; margin-block-end: 0px; padding-inline-start: 0px; text-rendering: geometricprecision; font-size: 16px;\">\r\n		Kh&ocirc;ng mất thời gian khi nấu nướng v&agrave; dọn dẹp.</p>\r\n	<p style=\"margin: 0px 0px 10px; padding: 0px; border: 0px; vertical-align: baseline; margin-block-start: 0px; margin-block-end: 0px; padding-inline-start: 0px; text-rendering: geometricprecision; font-size: 16px;\">\r\n		<img alt=\"Mặt bếp bằng kính chịu nhiệt, dễ vệ sinh\" class=\"lazy\" data-=\"\" src=\"https://cdn.tgdd.vn/Products/Images/1982/63990/bep-hong-ngoai-sanaky-at-2524hgn--1-1.jpg\" style=\"margin: 15px auto 5px; padding: 0px; border: 0px; vertical-align: baseline; opacity: 1; transition: opacity 0.3s ease-in 0s; display: block; width: 780px; max-width: 100%; height: auto;\" title=\"Mặt bếp bằng kính chịu nhiệt, dễ vệ sinh\" /></p>\r\n	<h3 style=\"margin: 1.5em auto 0.3em; padding: 0px; border: 0px; vertical-align: baseline; font-variant-numeric: normal; font-variant-east-asian: normal; font-weight: normal; font-stretch: normal; font-size: 22px; line-height: 1.4em; outline: none; zoom: 1;\">\r\n		Đun nấu thức ăn nhanh ch&oacute;ng, tiết kiệm điện</h3>\r\n	<p style=\"margin: 0px 0px 10px; padding: 0px; border: 0px; vertical-align: baseline; margin-block-start: 0px; margin-block-end: 0px; padding-inline-start: 0px; text-rendering: geometricprecision; font-size: 16px;\">\r\n		<img alt=\"Đun nấu thức ăn nhanh chóng, tiết kiệm điện\" class=\"lazy\" data-=\"\" src=\"https://cdn.tgdd.vn/Products/Images/1982/63990/bep-hong-ngoai-sanaky-at-2524hgn--2-1.jpg\" style=\"margin: 15px auto 5px; padding: 0px; border: 0px; vertical-align: baseline; opacity: 1; transition: opacity 0.3s ease-in 0s; display: block; width: 780px; max-width: 100%; height: auto;\" title=\"Đun nấu thức ăn nhanh chóng, tiết kiệm điện\" /></p>\r\n	<h3 style=\"margin: 1.5em auto 0.3em; padding: 0px; border: 0px; vertical-align: baseline; font-variant-numeric: normal; font-variant-east-asian: normal; font-weight: normal; font-stretch: normal; font-size: 22px; line-height: 1.4em; outline: none; zoom: 1;\">\r\n		<a href=\"https://www.dienmayxanh.com/bep-hong-ngoai?g=cam-ung-ket-hop-num-van\" style=\"margin: 1.5em auto 0.3em; padding: 0px; border: 0px; vertical-align: baseline; text-decoration-line: none; color: rgb(40, 138, 214); font-variant-numeric: normal; font-variant-east-asian: normal; font-stretch: normal; line-height: 1.4em; outline: none; zoom: 1;\" target=\"_blank\" title=\"Bảng điều khiển cảm ứng cực nhạy, kết hợp núm vặn\">Bảng điều khiển cảm ứng kết hợp n&uacute;m vặn</a></h3>\r\n	<p style=\"margin: 0px 0px 10px; padding: 0px; border: 0px; vertical-align: baseline; margin-block-start: 0px; margin-block-end: 0px; padding-inline-start: 0px; text-rendering: geometricprecision; font-size: 16px;\">\r\n		Điều chỉnh nhiệt độ ch&iacute;nh x&aacute;c, gi&uacute;p bạn&nbsp;<a href=\"http://www.dienmayxanh.com/kinh-nghiem-hay/cach-su-dung-bep-hong-ngoai-537070\" style=\"margin: 0px; padding: 0px; border: 0px; vertical-align: baseline; text-decoration-line: none; color: rgb(40, 138, 214);\" target=\"_blank\" title=\"Cách sử dụng bếp hồng ngoại\">sử dụng</a>&nbsp;bếp nhanh ch&oacute;ng trong l&uacute;c nấu.</p>\r\n	<p style=\"margin: 0px 0px 10px; padding: 0px; border: 0px; vertical-align: baseline; margin-block-start: 0px; margin-block-end: 0px; padding-inline-start: 0px; text-rendering: geometricprecision; font-size: 16px;\">\r\n		<img alt=\"Bảng điều khiển cảm ứng cực nhạy, kết hợp núm vặn \" class=\"lazy\" data-=\"\" src=\"https://cdn.tgdd.vn/Products/Images/1982/63990/bep-hong-ngoai-sanaky-at-2524hgn--3.jpg\" style=\"margin: 15px auto 5px; padding: 0px; border: 0px; vertical-align: baseline; opacity: 1; transition: opacity 0.3s ease-in 0s; display: block; width: 780px; max-width: 100%; height: auto;\" title=\"Bảng điều khiển cảm ứng cực nhạy, kết hợp núm vặn \" /></p>\r\n	<h3 style=\"margin: 1.5em auto 0.3em; padding: 0px; border: 0px; vertical-align: baseline; font-variant-numeric: normal; font-variant-east-asian: normal; font-weight: normal; font-stretch: normal; font-size: 22px; line-height: 1.4em; outline: none; zoom: 1;\">\r\n		5 chế độ nấu đa năng, c&ocirc;ng suất 2000 W</h3>\r\n	<p style=\"margin: 0px 0px 10px; padding: 0px; border: 0px; vertical-align: baseline; margin-block-start: 0px; margin-block-end: 0px; padding-inline-start: 0px; text-rendering: geometricprecision; font-size: 16px;\">\r\n		<a href=\"https://www.dienmayxanh.com/bep-hong-ngoai?g=bep-hong-ngoai-don\" style=\"margin: 0px; padding: 0px; border: 0px; vertical-align: baseline; text-decoration-line: none; color: rgb(40, 138, 214);\" target=\"_blank\" title=\"bếp hồng ngoại đơn\">Bếp hồng ngoại đơn</a>&nbsp;Sanaky&nbsp;SNK-2524HGN với chế độ nấu lẩu, nấu s&uacute;p, chi&ecirc;n, đun nước, nướng gi&uacute;p bạn chuẩn bị bữa ăn đa dạng cho gia đ&igrave;nh.</p>\r\n	<p style=\"margin: 0px 0px 10px; padding: 0px; border: 0px; vertical-align: baseline; margin-block-start: 0px; margin-block-end: 0px; padding-inline-start: 0px; text-rendering: geometricprecision; font-size: 16px;\">\r\n		<img alt=\"5 chế độ nấu đa năng, công suất 2000 W\" class=\"lazy\" data-=\"\" src=\"https://cdn.tgdd.vn/Products/Images/1982/63990/bep-hong-ngoai-sanaky-at-2524hgn--4-1.jpg\" style=\"margin: 15px auto 5px; padding: 0px; border: 0px; vertical-align: baseline; opacity: 1; transition: opacity 0.3s ease-in 0s; display: block; width: 780px; max-width: 100%; height: auto;\" title=\"5 chế độ nấu đa năng, công suất 2000 W\" /></p>\r\n	<h3 style=\"margin: 1.5em auto 0.3em; padding: 0px; border: 0px; vertical-align: baseline; font-variant-numeric: normal; font-variant-east-asian: normal; font-weight: normal; font-stretch: normal; font-size: 22px; line-height: 1.4em; outline: none; zoom: 1;\">\r\n		Chế độ hẹn giờ tiện lợi</h3>\r\n	<p style=\"margin: 0px 0px 10px; padding: 0px; border: 0px; vertical-align: baseline; margin-block-start: 0px; margin-block-end: 0px; padding-inline-start: 0px; text-rendering: geometricprecision; font-size: 16px;\">\r\n		Gi&uacute;p bạn tranh thủ l&agrave;m việc kh&aacute;c, m&agrave; vẫn nấu được m&oacute;n ăn như &yacute; muốn.</p>\r\n	</article></div>\r\n<p>\r\n	&nbsp;</p>', 1, 7, 0, 0),
(18, 'Quạt điều hòa Sunhouse SHD7746', 'quat-dieu-hoa-sunhouse-shd7746', 22, 5300000, 0, 3, 1, 0, 0, '2019-09-26__quat-sunhouse-shd7746-17-300x300.jpg', 'Quạt điều hòa Sunhouse SHD7746', 'Quạt điều hòa Sunhouse SHD7746', NULL, '2019-09-26 04:43:24', '2019-09-27 12:23:13', 'Công suất mạnh mẽ 180 W, dùng cho diện tích lớn 50 m2.\r\nTặng kèm 2 cục đá khô cho độ lạnh lâu hơn, làm mát hiệu quả hơn.\r\nĐộ ồn từ 60 dB - 70 dB phù hợp cho quán ăn, quán cafe,...\r\nVòi cấp nước trực tiếp liên tục, tiếp nước cho quạt tiện lợi hơn.\r\nChế độ hẹn giờ tắt linh hoạt cùng điều khiển từ xa dễ thao tác.\r\nSử dụng dễ dàng với bảng điều khiển nút nhấn có hướng dẫn tiếng Việt.', '<div class=\"imgnote\" style=\"margin: 10px 0px; padding: 0px; border: 0px; vertical-align: baseline; overflow: hidden; color: rgb(51, 51, 51); font-family: Arial, Helvetica, sans-serif; font-size: 14px;\">\r\n	<img alt=\"Thông số kỹ thuật Quạt điều hòa Sunhouse SHD7746\" class=\"lazy\" data-=\"\" height=\"585\" src=\"https://cdn.tgdd.vn/Products/Images/7498/114839/Kit/sunhouse-shd7746.jpg\" style=\"margin: 0px; padding: 0px; border: 0px; vertical-align: baseline; opacity: 1; transition: opacity 0.3s ease-in 0s; display: block; width: 780px; height: auto;\" width=\"780\" /></div>\r\n<div class=\"box-article\" style=\"margin: 0px; padding: 0px; border: 0px; vertical-align: baseline; color: rgb(51, 51, 51); font-family: Arial, Helvetica, sans-serif; font-size: 14px;\">\r\n	<article class=\"area_article visible\" id=\"tinh-nang\" style=\"margin: 0px; padding: 0px 0px 10px; border: 0px; vertical-align: baseline; overflow: visible; font-size: 15px; line-height: 22px;\">\r\n	<h3 style=\"margin: 1.5em auto 0.3em; padding: 0px; border: 0px; vertical-align: baseline; font-variant-numeric: normal; font-variant-east-asian: normal; font-weight: normal; font-stretch: normal; font-size: 22px; line-height: 1.4em; outline: none; zoom: 1;\">\r\n		<a href=\"https://www.dienmayxanh.com/quat-dieu-hoa/sunhouse-shd7746\" style=\"margin: 1.5em auto 0.3em; padding: 0px; border: 0px; vertical-align: baseline; text-decoration-line: none; color: rgb(40, 138, 214); font-variant-numeric: normal; font-variant-east-asian: normal; font-stretch: normal; line-height: 1.4em; outline: none; zoom: 1;\" target=\"_blank\" title=\"Quạt điều hòa Sunhouse SHD7746\">Quạt điều h&ograve;a Sunhouse SHD7746</a>&nbsp;(hay c&ograve;n gọi l&agrave; quạt hơi nước)&nbsp;thiết kế sử dụng cho c&aacute;c kh&ocirc;ng gian rộng, k&iacute;ch cỡ lớn, hoạt động với c&ocirc;ng suất 180 W mạnh mẽ</h3>\r\n	<p style=\"margin: 0px 0px 10px; padding: 0px; border: 0px; vertical-align: baseline; margin-block-start: 0px; margin-block-end: 0px; padding-inline-start: 0px; text-rendering: geometricprecision; font-size: 16px;\">\r\n		Quạt th&iacute;ch hợp d&ugrave;ng l&agrave;m m&aacute;t tr&ecirc;n diện t&iacute;ch lớn 50 m2. Quạt c&oacute; 4 b&aacute;nh xe, 2 b&aacute;nh xe c&oacute; kh&oacute;a gi&uacute;p cố định vị tr&iacute; cho quạt.</p>\r\n	<p style=\"margin: 0px 0px 10px; padding: 0px; border: 0px; vertical-align: baseline; margin-block-start: 0px; margin-block-end: 0px; padding-inline-start: 0px; text-rendering: geometricprecision; font-size: 16px;\">\r\n		<img alt=\"Thiết kế sử dụng cho các không gian rộng - Quạt điều hòa Sunhouse SHD7746\" class=\"lazy\" data-=\"\" src=\"https://cdn.tgdd.vn/Products/Images/1992/114839/sunhouse-shd7746-1.jpg\" style=\"margin: 15px auto 5px; padding: 0px; border: 0px; vertical-align: baseline; opacity: 1; transition: opacity 0.3s ease-in 0s; display: block; width: 780px; max-width: 100%; height: auto;\" title=\"Thiết kế sử dụng cho các không gian rộng - Quạt điều hòa Sunhouse SHD7746\" /></p>\r\n	<h3 style=\"margin: 1.5em auto 0.3em; padding: 0px; border: 0px; vertical-align: baseline; font-variant-numeric: normal; font-variant-east-asian: normal; font-weight: normal; font-stretch: normal; font-size: 22px; line-height: 1.4em; outline: none; zoom: 1;\">\r\n		Chế độ quay đảo gi&oacute; 4 chiều, tự động quay tr&aacute;i phải, hướng l&ecirc;n xuống cần điều chỉnh bằng tay cho hơi m&aacute;t lan tỏa nhanh ch&oacute;ng khắp kh&ocirc;ng gian sử dụng</h3>\r\n	<p style=\"margin: 0px 0px 10px; padding: 0px; border: 0px; vertical-align: baseline; margin-block-start: 0px; margin-block-end: 0px; padding-inline-start: 0px; text-rendering: geometricprecision; font-size: 16px;\">\r\n		<img alt=\"Chế độ quay đảo gió 4 chiều - Quạt điều hòa Sunhouse SHD7746\" class=\"lazy\" data-=\"\" src=\"https://cdn.tgdd.vn/Products/Images/1992/114839/sunhouse-shd7746-6.jpg\" style=\"margin: 15px auto 5px; padding: 0px; border: 0px; vertical-align: baseline; opacity: 1; transition: opacity 0.3s ease-in 0s; display: block; width: 780px; max-width: 100%; height: auto;\" title=\"Chế độ quay đảo gió 4 chiều - Quạt điều hòa Sunhouse SHD7746\" /></p>\r\n	<h3 style=\"margin: 1.5em auto 0.3em; padding: 0px; border: 0px; vertical-align: baseline; font-variant-numeric: normal; font-variant-east-asian: normal; font-weight: normal; font-stretch: normal; font-size: 22px; line-height: 1.4em; outline: none; zoom: 1;\">\r\n		<a href=\"https://www.dienmayxanh.com/quat-dieu-hoa-sunhouse\" style=\"margin: 1.5em auto 0.3em; padding: 0px; border: 0px; vertical-align: baseline; text-decoration-line: none; color: rgb(40, 138, 214); font-variant-numeric: normal; font-variant-east-asian: normal; font-stretch: normal; line-height: 1.4em; outline: none; zoom: 1;\" target=\"_blank\" title=\"Tham khảo quạt điều hòa Sunhouse chất lượng, giá tốt tại Điện máy XANH\">Quạt điều h&ograve;a Sunhouse</a>&nbsp;điều khiển từ xa nhỏ gọn với c&aacute;c ph&iacute;m chức năng c&oacute; chỉ dẫn tiếng Việt dễ hiểu, thao t&aacute;c đơn giản</h3>\r\n	<p style=\"margin: 0px 0px 10px; padding: 0px; border: 0px; vertical-align: baseline; margin-block-start: 0px; margin-block-end: 0px; padding-inline-start: 0px; text-rendering: geometricprecision; font-size: 16px;\">\r\n		<img alt=\"Điều khiển từ xa nhỏ gọn - Quạt điều hòa Sunhouse SHD7746\" class=\"lazy\" data-=\"\" src=\"https://cdn.tgdd.vn/Products/Images/1992/114839/sunhouse-shd7746-11.jpg\" style=\"margin: 15px auto 5px; padding: 0px; border: 0px; vertical-align: baseline; opacity: 1; transition: opacity 0.3s ease-in 0s; display: block; width: 780px; max-width: 100%; height: auto;\" title=\"Điều khiển từ xa nhỏ gọn - Quạt điều hòa Sunhouse SHD7746\" /></p>\r\n	<h3 style=\"margin: 1.5em auto 0.3em; padding: 0px; border: 0px; vertical-align: baseline; font-variant-numeric: normal; font-variant-east-asian: normal; font-weight: normal; font-stretch: normal; font-size: 22px; line-height: 1.4em; outline: none; zoom: 1;\">\r\n		<a href=\"https://www.dienmayxanh.com/quat-dieu-hoa\" style=\"margin: 1.5em auto 0.3em; padding: 0px; border: 0px; vertical-align: baseline; text-decoration-line: none; color: rgb(40, 138, 214); font-variant-numeric: normal; font-variant-east-asian: normal; font-stretch: normal; line-height: 1.4em; outline: none; zoom: 1;\" target=\"_blank\" title=\"Tham khảo quạt điều hòa chất lượng, giá tốt tại Điện máy XANH\">Quạt điều h&ograve;a</a>&nbsp;c&oacute; 3 tốc độ gi&oacute; từ nhẹ đến mạnh, chế độ quay, l&agrave;m m&aacute;t, hẹn giờ tắt tối đa đến 7 tiếng</h3>\r\n	<p style=\"margin: 0px 0px 10px; padding: 0px; border: 0px; vertical-align: baseline; margin-block-start: 0px; margin-block-end: 0px; padding-inline-start: 0px; text-rendering: geometricprecision; font-size: 16px;\">\r\n		Gi&uacute;p người d&ugrave;ng sử dụng m&aacute;y l&agrave;m m&aacute;t linh hoạt, ph&ugrave; hợp với nhu cầu, ho&agrave;n cảnh của m&igrave;nh.</p>\r\n	<p style=\"margin: 0px 0px 10px; padding: 0px; border: 0px; vertical-align: baseline; margin-block-start: 0px; margin-block-end: 0px; padding-inline-start: 0px; text-rendering: geometricprecision; font-size: 16px;\">\r\n		<a href=\"https://www.dienmayxanh.com/kinh-nghiem-hay/tim-hieu-ve-do-on-hay-con-goi-la-cuong-do-am-thanh-1166731\" style=\"margin: 0px; padding: 0px; border: 0px; vertical-align: baseline; text-decoration-line: none; color: rgb(40, 138, 214);\" target=\"_blank\" title=\"Xem thêm độ ồn hay cường độ âm thanh là gì\">Độ ồn</a>&nbsp;ở 3 cấp độ lần lượt l&agrave;: cấp 1 - 60 dB, cấp 2 - 65 dB , cấp 3 - 68 dB. Độ ồn được đo bởi Điện m&aacute;y XANH trong điều kiện ph&ograve;ng thu &acirc;m k&iacute;n, sử dụng m&aacute;y đo độ ồn m&atilde; SL-4201.</p>\r\n	<p style=\"margin: 0px 0px 10px; padding: 0px; border: 0px; vertical-align: baseline; margin-block-start: 0px; margin-block-end: 0px; padding-inline-start: 0px; text-rendering: geometricprecision; font-size: 16px;\">\r\n		<img alt=\"Có 3 tốc độ gió từ nhẹ đến mạnh, chế độ quay, làm mát, hẹn giờ tắt tối đa đến 7 tiếng - Quạt điều hòa Sunhouse SHD7746\" class=\"lazy\" data-=\"\" src=\"https://cdn.tgdd.vn/Products/Images/1992/114839/sunhouse-shd7746-5.jpg\" style=\"margin: 15px auto 5px; padding: 0px; border: 0px; vertical-align: baseline; opacity: 1; transition: opacity 0.3s ease-in 0s; display: block; width: 780px; max-width: 100%; height: auto;\" title=\"Có 3 tốc độ gió từ nhẹ đến mạnh, chế độ quay, làm mát, hẹn giờ tắt tối đa đến 7 tiếng - Quạt điều hòa Sunhouse SHD7746\" /></p>\r\n	<h3 style=\"margin: 1.5em auto 0.3em; padding: 0px; border: 0px; vertical-align: baseline; font-variant-numeric: normal; font-variant-east-asian: normal; font-weight: normal; font-stretch: normal; font-size: 22px; line-height: 1.4em; outline: none; zoom: 1;\">\r\n		Dung t&iacute;ch b&igrave;nh chứa nước 45 l&iacute;t, đ&aacute;p ứng nhu cầu l&agrave;m m&aacute;t li&ecirc;n tục trong nhiều giờ, c&oacute; cửa đổ nước rộng, dễ ch&acirc;m nước</h3>\r\n	<p style=\"margin: 0px 0px 10px; padding: 0px; border: 0px; vertical-align: baseline; margin-block-start: 0px; margin-block-end: 0px; padding-inline-start: 0px; text-rendering: geometricprecision; font-size: 16px;\">\r\n		Khi b&igrave;nh chứa nước kh&ocirc;ng c&oacute; nước, nếu người d&ugrave;ng chọn chế độ l&agrave;m m&aacute;t, quạt vẫn hoạt động b&igrave;nh thường, kh&ocirc;ng c&oacute; đ&egrave;n cảnh b&aacute;o, muốn vệ sinh b&igrave;nh chứa, bạn tho&aacute;t nước bằng van xả dưới đ&aacute;y b&igrave;nh chứa nằm ở giữa 2 b&aacute;nh xe sau.</p>\r\n	<p style=\"margin: 0px 0px 10px; padding: 0px; border: 0px; vertical-align: baseline; margin-block-start: 0px; margin-block-end: 0px; padding-inline-start: 0px; text-rendering: geometricprecision; font-size: 16px;\">\r\n		Quạt c&oacute; th&ecirc;m 1 đường nước v&agrave;o b&igrave;nh chứa tự động, gi&uacute;p tiếp nước cho quạt tiện lợi hơn.</p>\r\n	<p style=\"margin: 0px 0px 10px; padding: 0px; border: 0px; vertical-align: baseline; margin-block-start: 0px; margin-block-end: 0px; padding-inline-start: 0px; text-rendering: geometricprecision; font-size: 16px;\">\r\n		<img alt=\"Có cửa đổ nước rộng, dễ châm nước - Quạt điều hòa Sunhouse SHD7746\" class=\"lazy\" data-=\"\" src=\"https://cdn.tgdd.vn/Products/Images/1992/114839/sunhouse-shd7746-10.jpg\" style=\"margin: 15px auto 5px; padding: 0px; border: 0px; vertical-align: baseline; opacity: 1; transition: opacity 0.3s ease-in 0s; display: block; width: 780px; max-width: 100%; height: auto;\" title=\"Có cửa đổ nước rộng, dễ châm nước - Quạt điều hòa Sunhouse SHD7746\" /></p>\r\n	<h3 style=\"margin: 1.5em auto 0.3em; padding: 0px; border: 0px; vertical-align: baseline; font-variant-numeric: normal; font-variant-east-asian: normal; font-weight: normal; font-stretch: normal; font-size: 22px; line-height: 1.4em; outline: none; zoom: 1;\">\r\n		Tặng k&egrave;m 2 cục đ&aacute; kh&ocirc; dạng bột gi&uacute;p độ l&agrave;m m&aacute;t s&acirc;u hơn, hiệu quả giảm nhiệt cao hơn</h3>\r\n	<p style=\"margin: 0px 0px 10px; padding: 0px; border: 0px; vertical-align: baseline; margin-block-start: 0px; margin-block-end: 0px; padding-inline-start: 0px; text-rendering: geometricprecision; font-size: 16px;\">\r\n		Khi sử dụng th&igrave; đổ nước đầy b&igrave;nh đ&aacute; để v&agrave;o ngăn đ&ocirc;ng tủ lạnh, sau đ&oacute; lấy ra, cho v&agrave;o ngăn đựng đ&aacute; kh&ocirc; ở quạt v&agrave; sử dụng như đ&aacute; kh&ocirc; th&ocirc;ng thường.</p>\r\n	<p style=\"margin: 0px 0px 10px; padding: 0px; border: 0px; vertical-align: baseline; margin-block-start: 0px; margin-block-end: 0px; padding-inline-start: 0px; text-rendering: geometricprecision; font-size: 16px;\">\r\n		<img alt=\"Tặng kèm 2 cục đá khô - Quạt điều hòa Sunhouse SHD7746\" class=\"lazy\" data-=\"\" src=\"https://cdn.tgdd.vn/Products/Images/1992/114839/sunhouse-shd7746-12.jpg\" style=\"margin: 15px auto 5px; padding: 0px; border: 0px; vertical-align: baseline; opacity: 1; transition: opacity 0.3s ease-in 0s; display: block; width: 780px; max-width: 100%; height: auto;\" title=\"Tặng kèm 2 cục đá khô - Quạt điều hòa Sunhouse SHD7746\" /></p>\r\n	<h3 style=\"margin: 1.5em auto 0.3em; padding: 0px; border: 0px; vertical-align: baseline; font-variant-numeric: normal; font-variant-east-asian: normal; font-weight: normal; font-stretch: normal; font-size: 22px; line-height: 1.4em; outline: none; zoom: 1;\">\r\n		Thang đo hiển thị mực nước r&otilde; r&agrave;ng, tiện theo d&otilde;i v&agrave; ch&acirc;m nước</h3>\r\n	<p style=\"margin: 0px 0px 10px; padding: 0px; border: 0px; vertical-align: baseline; margin-block-start: 0px; margin-block-end: 0px; padding-inline-start: 0px; text-rendering: geometricprecision; font-size: 16px;\">\r\n		<img alt=\"Thang đo hiển thị mực nước rõ ràng - Quạt điều hòa Sunhouse SHD7746\" class=\"lazy\" data-=\"\" src=\"https://cdn.tgdd.vn/Products/Images/1992/114839/sunhouse-shd7746-7.jpg\" style=\"margin: 15px auto 5px; padding: 0px; border: 0px; vertical-align: baseline; opacity: 1; transition: opacity 0.3s ease-in 0s; display: block; width: 780px; max-width: 100%; height: auto;\" title=\"Thang đo hiển thị mực nước rõ ràng - Quạt điều hòa Sunhouse SHD7746\" /></p>\r\n	<h3 style=\"margin: 1.5em auto 0.3em; padding: 0px; border: 0px; vertical-align: baseline; font-variant-numeric: normal; font-variant-east-asian: normal; font-weight: normal; font-stretch: normal; font-size: 22px; line-height: 1.4em; outline: none; zoom: 1;\">\r\n		C&oacute; 1 tấm lọc bụi th&ocirc; m&agrave;u v&agrave;ng ở mặt sau quạ c&ugrave;ng 3 tấm l&agrave;m m&aacute;t nằm ở 2 mặt b&ecirc;n h&ocirc;ng v&agrave; mặt sau gi&uacute;p tăng khả năng lọc kh&ocirc;ng kh&iacute; cho quạt hiệu quả</h3>\r\n	</article></div>\r\n<p>\r\n	&nbsp;</p>', 1, 9, 0, 0);

-- --------------------------------------------------------

--
-- Table structure for table `ratings`
--

CREATE TABLE `ratings` (
  `id` int(10) UNSIGNED NOT NULL,
  `ra_product_id` int(11) NOT NULL DEFAULT 1,
  `ra_number` tinyint(4) NOT NULL DEFAULT 0,
  `ra_content` varchar(255) COLLATE utf8mb4_unicode_ci DEFAULT NULL,
  `ra_user_id` int(11) NOT NULL DEFAULT 0,
  `created_at` timestamp NULL DEFAULT NULL,
  `updated_at` timestamp NULL DEFAULT NULL
) ENGINE=InnoDB DEFAULT CHARSET=utf8mb4 COLLATE=utf8mb4_unicode_ci;

--
-- Dumping data for table `ratings`
--

INSERT INTO `ratings` (`id`, `ra_product_id`, `ra_number`, `ra_content`, `ra_user_id`, `created_at`, `updated_at`) VALUES
(1, 3, 4, 'Sản phẩm quá tuyệt vời', 2, '2019-08-27 06:55:17', NULL),
(2, 3, 4, 'Sản phẩm tuyệt vời. quá tốt', 2, '2019-08-27 06:55:17', NULL),
(3, 2, 5, 'Sản phẩm tuyệt vời quá . Tôi luôn ủng hộ', 2, '2019-08-27 06:55:17', NULL),
(4, 2, 5, 'Sản phẩm tuyệt vời quá . Tôi luôn ủng hộ', 2, '2019-08-27 06:55:17', NULL),
(6, 4, 4, 'Sản phẩm quá tuyệt vời. tôi sẽ luôn ủng hộ', 2, '2019-08-27 06:48:40', '2019-08-27 06:48:40'),
(8, 1, 4, 'sản phẩm quá tốt.........', 2, '2019-09-10 09:20:36', '2019-09-10 09:20:36'),
(9, 2, 4, 'Sản phẩm bền bỉ,mẫu mã đẹp bền bỉ...', 4, '2019-09-17 08:46:26', '2019-09-17 08:46:26'),
(10, 6, 5, 'sản phẩm này rất tuyệt, tôi cần giao hàng nhanh..', 9, '2019-09-25 11:48:32', '2019-09-25 11:48:32'),
(11, 6, 4, 'Sản này quá đẹp, và bền bỉ...', 9, '2019-09-25 12:00:03', '2019-09-25 12:00:03'),
(12, 15, 5, 'tuyet voi qua', 9, '2019-09-27 12:33:22', '2019-09-27 12:33:22'),
(13, 15, 5, 'hghghbm', 2, '2019-09-27 13:05:55', '2019-09-27 13:05:55'),
(14, 15, 4, 'sản phẩm rất tốt...............', 2, '2019-10-03 09:56:03', '2019-10-03 09:56:03'),
(15, 1, 4, 'san pham tuyet voi qua', 9, '2019-10-08 12:23:32', '2019-10-08 12:23:32'),
(16, 1, 5, 'xxxxxxxxxxxxxxxxxxxxxxxxx', 9, '2019-10-08 12:23:50', '2019-10-08 12:23:50');

-- --------------------------------------------------------

--
-- Table structure for table `transactions`
--

CREATE TABLE `transactions` (
  `id` int(10) UNSIGNED NOT NULL,
  `tr_user_id` int(11) NOT NULL DEFAULT 0,
  `tr_total` int(11) NOT NULL DEFAULT 0,
  `tr_note` varchar(255) COLLATE utf8mb4_unicode_ci DEFAULT NULL,
  `tr_address` varchar(255) COLLATE utf8mb4_unicode_ci DEFAULT NULL,
  `tr_phone` varchar(255) COLLATE utf8mb4_unicode_ci DEFAULT NULL,
  `tr_status` tinyint(4) NOT NULL DEFAULT 0,
  `created_at` timestamp NULL DEFAULT NULL,
  `updated_at` timestamp NULL DEFAULT NULL,
  `tr_username` varchar(255) COLLATE utf8mb4_unicode_ci DEFAULT NULL,
  `tr_payment` varchar(255) COLLATE utf8mb4_unicode_ci DEFAULT NULL COMMENT 'Hình thức thanh toán'
) ENGINE=InnoDB DEFAULT CHARSET=utf8mb4 COLLATE=utf8mb4_unicode_ci;

--
-- Dumping data for table `transactions`
--

INSERT INTO `transactions` (`id`, `tr_user_id`, `tr_total`, `tr_note`, `tr_address`, `tr_phone`, `tr_status`, `created_at`, `updated_at`, `tr_username`, `tr_payment`) VALUES
(1, 2, 4000000, 'tôi muốn giao nhanh chóng', '167 Hoàng minh thảo thành phố đà nẵng', '346798758', 0, '2019-08-12 17:00:00', '2019-08-13 17:00:00', '0905819501', 'Paypay'),
(2, 2, 40000, 'tôi muốn mua giao hàng nhanh', '167 Hoàng minh thảo thành phố đà nẵng', '346798758', 0, '2019-08-24 22:22:23', '2019-08-24 22:22:23', '0905819501', 'Paypay'),
(3, 2, 8000000, 'tối muốn giao hàng nhanh', '157c hoàng văn thái, thành phố đà nẵng', '346798758', 0, '2019-08-25 21:30:37', '2019-08-25 21:30:37', '0905819501', 'NCB'),
(4, 2, 4050000, 'tôi có đặt 2 sản phảm tại trang website này , tôi muốn giao hàng nhanh', '157c hoàng văn thái, thành phố đà nẵng', '346798758', 0, '2019-08-26 03:41:26', '2019-08-26 03:41:26', '0905819501', 'NCB'),
(5, 2, 12000000, 'tôi muốn mua giao hàng sớm nhất có thể', '157c hoàng văn thái, quận liên chiểu , thành phố đà nẵng', '346798758', 0, '2019-08-26 03:43:47', '2019-08-26 03:43:47', '0905819501', NULL),
(6, 4, 9000000, 'tôi muốn giao càng nhanh càng tốt', '85 hoàng văn thái , quận liên chiểu , thành phố đà nẵng.', '905819501', 1, '2019-08-28 08:28:16', '2019-08-28 09:01:21', 'Ngoc Tân', 'NCB'),
(7, 4, 4000000, 'tôi muốn giao hàng sớm.', '85 Phung Hung street, Eale commune, Eale commune, Eale commune', '905819501', 1, '2019-08-28 09:03:46', '2019-08-28 09:04:00', 'Ngoc Tân', 'Paypay'),
(8, 4, 14000000, 'Tôi muốn giao nhanh càng sớm càng tốt', '85 Phung Hung street, Eale commune, Eale commune, Eale commune', '905819501', 1, '2019-08-28 09:05:30', '2019-08-28 09:05:55', 'Ngoc Tân', NULL),
(9, 4, 8000000, 'tôi muốn giao nhanh', '85 Phung Hung street, Eale commune, Eale commune, Eale commune', '905819501', 1, '2019-08-28 09:11:07', '2019-08-28 09:11:15', 'Ngoc Tân', 'NCB'),
(10, 2, 4000000, NULL, '85 Phung Hung street', '935105268', 0, '2019-09-11 09:44:45', '2019-09-11 09:44:45', 'Trương Ngọc Tân', 'Paypay'),
(11, 2, 4000000, NULL, '85 Phung Hung street', '935105268', 0, '2019-09-11 09:45:14', '2019-09-11 09:45:14', 'Trương Ngọc Tân', 'NCB'),
(12, 2, 4000000, 'xxzzxzzxxzx', '157c hoàng văn thái, thành phố đà nẵng', '346798758', 0, '2019-09-11 09:46:20', '2019-09-11 09:46:20', 'Trương Ngọc Tân', 'Paypay'),
(13, 2, 5000000, 'toi can giao hang nhanh', '56 duy tan thanh pho da nang', '346798758', 1, '2019-09-11 09:47:56', '2019-09-12 03:01:51', 'Trương Ngọc Tân', 'Paypay'),
(14, 4, 4000000, 'toi can giao hang nhanh', '56 duy tan thanh pho da nang', '905819501', 1, '2019-09-11 09:51:08', '2019-09-12 02:37:47', 'Ngoc Tân', 'NCB'),
(15, 4, 4000000, 'tôi muốn giao hàng nhanh...', '167 Hoàng minh thảo thành phố đà nẵng', '905819501', 1, '2019-09-15 03:33:59', '2019-09-15 03:37:34', 'Ngoc Tân', 'NCB'),
(16, 4, 15295000, 'tôi muốn giao hàng nhanh', '157c hoàng văn thái, quận liên chiểu , thành phố đà nẵng', '905819501', 1, '2019-09-17 01:39:00', '2019-09-17 01:40:57', 'Ngoc Tân', NULL),
(17, 9, 12600300, 'xxxxxxxxxxxxxxx', 'No. 10, village 5, Eale commune', '346798758', 1, '2019-09-24 11:26:37', '2019-09-24 12:34:52', 'Nguyễn Trâm Anh', NULL),
(18, 9, 15295000, 'tôi muốn giao hàng nhanh', '167 Hoàng minh thảo thành phố đà nẵng', '0935105268', 0, '2019-09-24 11:32:25', '2019-09-24 11:32:25', 'Nguyễn Trâm Anh', NULL),
(19, 9, 8540500, 'tôi muốn giao hàng nhanh.', '167 Hoàng minh thảo thành phố đà nẵng', '0935105268', 0, '2019-09-24 11:53:59', '2019-09-24 11:53:59', 'Nguyễn Trâm Anh', 'NCB'),
(20, 9, 15295000, 'tôi muốn giao hàng nhanh', '167 Hoàng minh thảo thành phố đà nẵng', '0935105268', 0, '2019-09-24 12:30:15', '2019-09-24 12:30:15', 'Nguyễn Trâm Anh', NULL),
(21, 9, 9603000, 'tôi muốn giao hàng nhanh.', '157c hoàng văn thái, thành phố đà nẵng', '0935105268', 0, '2019-09-24 12:33:13', '2019-09-24 12:33:13', 'Nguyễn Trâm Anh', NULL),
(22, 9, 15680000, 'xxxxxxxxxxxxxx', '167 Hoàng minh thảo thành phố đà nẵng', '0935105268', 0, '2019-09-24 17:08:57', '2019-09-24 17:08:57', 'Nguyễn Trâm Anh', 'NCB'),
(23, 9, 6101300, 'xxxxxxxxxxxxxxxx', '167 Hoàng minh thảo thành phố đà nẵng', '0935105268', 0, '2019-09-24 17:13:48', '2019-09-24 17:13:48', 'Nguyễn Trâm Anh', 'Paypay'),
(24, 9, 6101300, 'xxxxxxxxxxxxxxxx', '167 Hoàng minh thảo thành phố đà nẵng', '0935105268', 0, '2019-09-24 17:13:48', '2019-09-24 17:13:48', 'Nguyễn Trâm Anh', 'Paypay'),
(25, 9, 6101300, 'xxxxxxxxxxxxx', '167 Hoàng minh thảo thành phố đà nẵng', '0935105268', 0, '2019-09-24 17:18:42', '2019-09-24 17:18:42', 'Nguyễn Trâm Anh', 'Paypay'),
(26, 9, 12202600, 'tôi muốn giao hàng nhanh.', 'Nguyễn văn Linh, thành phố đà nẵng', '0935105268', 0, '2019-09-24 17:28:14', '2019-09-24 17:28:14', 'Nguyễn Trâm Anh', 'NCB'),
(27, 9, 8540500, 'cccccccccccccccccc', '167 Hoàng minh thảo thành phố đà nẵng', '0935105268', 1, '2019-09-25 05:23:26', '2019-10-02 08:38:07', 'Nguyễn Trâm Anh', 'NCB'),
(28, 9, 6101300, 'xxxxxxxxxxxxxxxxx', '167 Hoàng minh thảo thành phố đà nẵng', '0935105268', 0, '2019-09-25 09:15:33', '2019-09-25 09:15:33', 'Nguyễn Trâm Anh', 'Paypay'),
(29, 9, 6101300, NULL, NULL, '0935105268', 0, '2019-09-25 10:25:44', '2019-09-25 10:25:44', 'Nguyễn Trâm Anh', 'NCB'),
(30, 9, 8540500, NULL, '85 Phung Hung street, Eale commune, Eale commune, Eale commune', '0935105268', 0, '2019-09-25 10:34:30', '2019-09-25 10:34:30', 'Nguyễn Trâm Anh', 'NCB'),
(31, 9, 15680000, 'tôi muốn giao hàng nhanh', '10 Nguyễn Văn Linh, Đà Nẵng', '0935105268', 0, '2019-09-25 10:40:02', '2019-09-25 10:40:02', 'Nguyễn Trâm Anh', 'NCB'),
(32, 9, 12600300, NULL, '85 Phung Hung street, Eale commune, Eale commune, Eale commune', '0935105268', 1, '2019-09-25 10:45:08', '2019-09-25 10:45:32', 'Nguyễn Trâm Anh', 'NCB'),
(33, 9, 12600300, NULL, '85 Phung Hung street, Eale commune, Eale commune, Eale commune', '0935105268', 0, '2019-09-25 10:50:57', '2019-09-25 10:50:57', 'Nguyễn Trâm Anh', 'NCB'),
(34, 9, 12600300, 'vvvvvvvvvvvvvvvvvvvvvvvvv', '85 Phung Hung street, Eale commune, Eale commune, Eale commune>                            </div>                            <div class=', '0935105268', 0, '2019-09-25 10:54:47', '2019-09-25 10:54:47', 'Nguyễn Trâm Anh', 'NCB'),
(35, 9, 12600300, NULL, '85 Phung Hung street, Eale commune, Eale commune, Eale commune', '0935105268', 0, '2019-09-25 11:01:32', '2019-09-25 11:01:32', 'Nguyễn Trâm Anh', 'NCB'),
(36, 9, 15680000, 'Tôi muốn giao hang nhanh', '85 Phung Hung street, Eale commune, Eale commune, Eale commune', '0935105268', 0, '2019-09-25 11:05:38', '2019-09-25 11:05:38', 'Nguyễn Trâm Anh', 'NCB'),
(37, 9, 15680000, 'Tôi muốn giao hang nhanh', '85 Phung Hung street, Eale commune, Eale commune, Eale commune', '0935105268', 0, '2019-09-25 11:08:07', '2019-09-25 11:08:07', 'Nguyễn Trâm Anh', 'NCB'),
(39, 9, 15295000, 'Tôi muốn giao hang nhanh', '85 Phung Hung street, Eale commune, Eale commune, Eale commune', '0935105268', 0, '2019-09-25 11:13:05', '2019-09-25 11:13:05', 'Nguyễn Trâm Anh', 'COD'),
(41, 9, 15295000, 'Tôi muốn giao hang nhanh', '85 Phung Hung street, Eale commune, Eale commune, Eale commune', '0935105268', 0, '2019-09-25 11:14:55', '2019-09-25 11:14:55', 'Nguyễn Trâm Anh', 'COD'),
(42, 9, 6101300, 'tôi muốn giao hàng trong vòng 1 ngày.', '167 Hoàng minh thảo thành phố đà nẵng', '0935105268', 1, '2019-09-25 11:35:59', '2019-09-27 13:10:48', 'Nguyễn Trâm Anh', 'NCB'),
(43, 9, 8540500, 'Tôi muốn giao hang nhanh', '85 Phung Hung street, Eale commune, Eale commune, Eale commune', '0935105268', 1, '2019-09-25 11:37:27', '2019-09-26 09:01:56', 'Nguyễn Trâm Anh', 'NCB'),
(44, 9, 15295000, 'tôi cần giao hàng đúng ngày', '10 Nguyễn Văn Linh, Đà Nẵng', '0935105268', 1, '2019-09-25 11:39:21', '2019-09-27 13:34:05', 'Nguyễn Trâm Anh', 'COD'),
(45, 9, 5141000, 'toi muon giao hang nhanh', '85 Phung Hung street, Eale commune, Eale commune, Eale commune', '0935105268', 1, '2019-09-26 13:04:34', '2019-09-27 12:23:13', 'Nguyễn Trâm Anh', 'Paypay'),
(46, 9, 19977400, 'Tôi muốn giao hang nhanh', '85 Phung Hung street, Eale commune, Eale commune, Eale commune', '0935105268', 1, '2019-09-27 12:26:28', '2019-09-27 12:26:49', 'Nguyễn Trâm Anh', 'COD'),
(47, 2, 18051200, 'xxxxxxxxxxxxxxxxxxxx', '85 Phung Hung street, Eale commune, Eale commune, Eale commune', '905819501', 0, '2019-09-27 13:13:13', '2019-09-27 13:13:13', 'Truong Ngoc Tan', 'COD'),
(48, 2, 8540500, 'grbthbtbtbth', '85 Phung Hung street, Eale commune, Eale commune, Eale commune', '905819501', 0, '2019-09-27 13:14:38', '2019-09-27 13:14:38', 'Truong Ngoc Tan', 'NCB'),
(49, 2, 8526300, 'Tôi muốn giao hàng nhanh ....', '85 Phung Hung street, Eale commune, Eale commune, Eale commune', '905819501', 1, '2019-10-03 09:52:00', '2019-10-03 09:53:56', 'Truong Ngoc Tan', 'COD'),
(50, 9, 24405200, 'toi muon giao nhanh', '85 Phung Hung street, Eale commune, Eale commune, Eale commune', '0935105268', 1, '2019-10-08 12:25:38', '2019-10-08 12:31:14', 'Nguyễn Trâm Anh', 'COD');

-- --------------------------------------------------------

--
-- Table structure for table `users`
--

CREATE TABLE `users` (
  `id` int(10) UNSIGNED NOT NULL,
  `name` varchar(255) COLLATE utf8mb4_unicode_ci NOT NULL,
  `email` varchar(255) COLLATE utf8mb4_unicode_ci NOT NULL,
  `phone` char(255) COLLATE utf8mb4_unicode_ci DEFAULT NULL,
  `avatar` varchar(255) COLLATE utf8mb4_unicode_ci DEFAULT NULL,
  `active` tinyint(4) NOT NULL DEFAULT 1,
  `password` varchar(255) COLLATE utf8mb4_unicode_ci NOT NULL,
  `remember_token` varchar(100) COLLATE utf8mb4_unicode_ci DEFAULT NULL,
  `created_at` timestamp NULL DEFAULT NULL,
  `updated_at` timestamp NULL DEFAULT NULL,
  `total_pay` int(11) NOT NULL DEFAULT 0,
  `address` varchar(255) COLLATE utf8mb4_unicode_ci DEFAULT NULL,
  `about` varchar(255) COLLATE utf8mb4_unicode_ci DEFAULT NULL,
  `code` varchar(255) COLLATE utf8mb4_unicode_ci DEFAULT NULL,
  `time_code` timestamp NULL DEFAULT NULL,
  `code_active` varchar(255) COLLATE utf8mb4_unicode_ci DEFAULT NULL COMMENT 'Xác nhận email',
  `time_active` timestamp NULL DEFAULT NULL
) ENGINE=InnoDB DEFAULT CHARSET=utf8mb4 COLLATE=utf8mb4_unicode_ci;

--
-- Dumping data for table `users`
--

INSERT INTO `users` (`id`, `name`, `email`, `phone`, `avatar`, `active`, `password`, `remember_token`, `created_at`, `updated_at`, `total_pay`, `address`, `about`, `code`, `time_code`, `code_active`, `time_active`) VALUES
(2, 'Truong Ngoc Tan', 'parksaming@gmail.com', '905819501', NULL, 2, '$2y$10$Yn7TtI/SQj7g5prpSCoof.C7Pt/9rWAYv73.CPjZKOpl7HpwiqSxa', 'g7BH0456ZIIm3qokpYdBPT6vrCljUBfgKBXKY4n7yM3daR8FA0vTDzBAQ0DN', '2019-08-21 23:02:18', '2019-09-24 04:53:17', 1, '85 Phung Hung street, Eale commune, Eale commune, Eale commune', NULL, NULL, NULL, NULL, NULL),
(3, '0935105268', 'minhnh7fpt@gmail.com', '935105268', NULL, 1, '$2y$10$ajt68CawJTqLY59o0LDvl.9q44C2rcfh8xNtH68VHLKII//v9tt.u', NULL, '2019-08-22 01:04:07', '2019-08-22 01:04:07', 0, '85 Phung Hung street, Eale commune, Eale commune, Eale commune', NULL, NULL, NULL, NULL, NULL),
(4, 'Ngoc Tân', 'parksaming1999@gmail.com', '905819501', NULL, 1, '$2y$10$r8pzTFWlr2BXRuWZXijrN.s5keZiPC92FZiJ0etG6ZYiajcrn67l6', NULL, '2019-08-28 08:23:46', '2019-08-28 08:23:46', 0, '85 Phung Hung street, Eale commune, Eale commune, Eale commune', NULL, NULL, NULL, NULL, NULL),
(6, 'Trâm Anh', 'dqsilove2011@gmail.com', '0346798758', NULL, 2, '$2y$10$YTv17cmRmWdJBNrGX88PueNUIDQIcehTI.s4Vj3s8Ha50F72z91BW', 'LxGKuCuNZPJh5uHhK8a0e0IE8UtgNrdgtPwSOWN5dPi4QoosoHFPuz3nFLeG', '2019-09-20 10:42:33', '2019-09-20 11:07:57', 0, '85 Phung Hung street, Eale commune, Eale commune, Eale commune', NULL, NULL, NULL, NULL, NULL),
(9, 'Nguyễn Trâm Anh', 'dqsilove2010@gmail.com', '0935105268', NULL, 2, '$2y$10$mT3eBcKSsXqpJjXgDyqtX.rqZ20oxvQbJ.CCSNesoGd/.WD/IkOZm', 'h05XNPtr0V4AHpH7CCSNppKBVOjB18fWqKhRrEPhcNQdCgvIFpTNYPVJlzn5', '2019-09-20 11:17:05', '2019-09-23 10:06:42', 2, '85 Phung Hung street, Eale commune, Eale commune, Eale commune', NULL, NULL, NULL, NULL, NULL),
(10, 'Truong Ngoc Tan', 'parksaming1234@gmail.com', '0905 819 501', NULL, 2, '$2y$10$xxgihTwnbK8zFREy6HoHKeZaiPJTDc/ZtwykQbfCVc5EljyvVYPwu', 'NIwZCNyjexV9hKP8xJbgcBCa3034QmWzllFq442hE6GvDIxB3bLTEOKnt1X7', '2019-09-20 12:39:44', '2019-09-20 12:40:28', 0, '85 Phung Hung street, Eale commune, Eale commune, Eale commune', NULL, NULL, NULL, NULL, NULL),
(11, 'Quỳnh búp bê', 'parksaming1212@gmail.com', '0346798758', NULL, 1, '$2y$10$ixZHQZzce7DP7rINXRRAZeHBmF7/Q1mxRwVW.rCk6TOJsW7QNYET.', 'jIKMNe6DF0K8uvZGXz0rTuqIljpgCR7aEXZMbBo63yB1cHJNMMv3YQGbVzsl', '2019-09-27 04:38:02', '2019-09-27 04:38:02', 0, '85 Phung Hung street, Eale commune, Eale commune, Eale commune', NULL, NULL, NULL, NULL, NULL),
(12, 'Trương Ngọc Tân', 'parksaming22@gmail.com', '0346798758', NULL, 1, '$2y$10$VF.jfiioIcJQS4Z9l5WWhev/gNaAPwsuXVickf6zboXh4l7yAiQGO', 'BrzIUi6MZnJ9FLhw2VtZg8WXMnY5qb4WPS9P2LuBDwX0e4Rt6YkMOyVu1slD', '2019-09-27 04:40:35', '2019-09-27 04:40:36', 0, '85 Phung Hung street, Eale commune, Eale commune, Eale commune', NULL, NULL, NULL, NULL, NULL);

--
-- Indexes for dumped tables
--

--
-- Indexes for table `admins`
--
ALTER TABLE `admins`
  ADD PRIMARY KEY (`id`),
  ADD UNIQUE KEY `admins_email_unique` (`email`),
  ADD KEY `admins_active_index` (`active`),
  ADD KEY `admins_username_index` (`username`);

--
-- Indexes for table `articles`
--
ALTER TABLE `articles`
  ADD PRIMARY KEY (`id`),
  ADD UNIQUE KEY `articles_a_name_unique` (`a_name`),
  ADD KEY `articles_a_slug_index` (`a_slug`),
  ADD KEY `articles_a_active_index` (`a_active`),
  ADD KEY `articles_a_author_id_index` (`a_author_id`),
  ADD KEY `articles_a_hot_index` (`a_hot`);

--
-- Indexes for table `categories`
--
ALTER TABLE `categories`
  ADD PRIMARY KEY (`id`),
  ADD UNIQUE KEY `categories_c_name_unique` (`c_name`),
  ADD KEY `categories_c_slug_index` (`c_slug`),
  ADD KEY `categories_c_active_index` (`c_active`),
  ADD KEY `categories_c_home_index` (`c_home`);

--
-- Indexes for table `contacts`
--
ALTER TABLE `contacts`
  ADD PRIMARY KEY (`id`);

--
-- Indexes for table `discounts`
--
ALTER TABLE `discounts`
  ADD PRIMARY KEY (`id`);

--
-- Indexes for table `migrations`
--
ALTER TABLE `migrations`
  ADD PRIMARY KEY (`id`);

--
-- Indexes for table `orders`
--
ALTER TABLE `orders`
  ADD PRIMARY KEY (`id`),
  ADD KEY `orders_or_transaction_id_index` (`or_transaction_id`),
  ADD KEY `orders_or_product_id_index` (`or_product_id`);

--
-- Indexes for table `page_statics`
--
ALTER TABLE `page_statics`
  ADD PRIMARY KEY (`id`),
  ADD KEY `page_statics_ps_type_index` (`ps_type`);

--
-- Indexes for table `password_resets`
--
ALTER TABLE `password_resets`
  ADD KEY `password_resets_email_index` (`email`);

--
-- Indexes for table `products`
--
ALTER TABLE `products`
  ADD PRIMARY KEY (`id`),
  ADD KEY `products_pro_slug_index` (`pro_slug`),
  ADD KEY `products_pro_category_id_index` (`pro_category_id`),
  ADD KEY `products_pro_author_id_index` (`pro_author_id`),
  ADD KEY `products_pro_active_index` (`pro_active`);

--
-- Indexes for table `ratings`
--
ALTER TABLE `ratings`
  ADD PRIMARY KEY (`id`),
  ADD KEY `ratings_ra_product_id_index` (`ra_product_id`),
  ADD KEY `ratings_ra_user_id_index` (`ra_user_id`);

--
-- Indexes for table `transactions`
--
ALTER TABLE `transactions`
  ADD PRIMARY KEY (`id`),
  ADD KEY `transactions_tr_user_id_index` (`tr_user_id`),
  ADD KEY `transactions_tr_status_index` (`tr_status`),
  ADD KEY `transactions_tr_payment_index` (`tr_payment`);

--
-- Indexes for table `users`
--
ALTER TABLE `users`
  ADD PRIMARY KEY (`id`),
  ADD UNIQUE KEY `users_email_unique` (`email`),
  ADD KEY `users_active_index` (`active`),
  ADD KEY `users_code_index` (`code`),
  ADD KEY `users_code_active_index` (`code_active`),
  ADD KEY `users_time_active_index` (`time_active`);

--
-- AUTO_INCREMENT for dumped tables
--

--
-- AUTO_INCREMENT for table `admins`
--
ALTER TABLE `admins`
  MODIFY `id` int(10) UNSIGNED NOT NULL AUTO_INCREMENT, AUTO_INCREMENT=5;

--
-- AUTO_INCREMENT for table `articles`
--
ALTER TABLE `articles`
  MODIFY `id` int(10) UNSIGNED NOT NULL AUTO_INCREMENT, AUTO_INCREMENT=10;

--
-- AUTO_INCREMENT for table `categories`
--
ALTER TABLE `categories`
  MODIFY `id` int(10) UNSIGNED NOT NULL AUTO_INCREMENT, AUTO_INCREMENT=26;

--
-- AUTO_INCREMENT for table `contacts`
--
ALTER TABLE `contacts`
  MODIFY `id` int(10) UNSIGNED NOT NULL AUTO_INCREMENT, AUTO_INCREMENT=4;

--
-- AUTO_INCREMENT for table `discounts`
--
ALTER TABLE `discounts`
  MODIFY `id` int(10) UNSIGNED NOT NULL AUTO_INCREMENT, AUTO_INCREMENT=8;

--
-- AUTO_INCREMENT for table `migrations`
--
ALTER TABLE `migrations`
  MODIFY `id` int(10) UNSIGNED NOT NULL AUTO_INCREMENT, AUTO_INCREMENT=49;

--
-- AUTO_INCREMENT for table `orders`
--
ALTER TABLE `orders`
  MODIFY `id` int(10) UNSIGNED NOT NULL AUTO_INCREMENT, AUTO_INCREMENT=54;

--
-- AUTO_INCREMENT for table `page_statics`
--
ALTER TABLE `page_statics`
  MODIFY `id` int(10) UNSIGNED NOT NULL AUTO_INCREMENT, AUTO_INCREMENT=2;

--
-- AUTO_INCREMENT for table `products`
--
ALTER TABLE `products`
  MODIFY `id` int(10) UNSIGNED NOT NULL AUTO_INCREMENT, AUTO_INCREMENT=20;

--
-- AUTO_INCREMENT for table `ratings`
--
ALTER TABLE `ratings`
  MODIFY `id` int(10) UNSIGNED NOT NULL AUTO_INCREMENT, AUTO_INCREMENT=17;

--
-- AUTO_INCREMENT for table `transactions`
--
ALTER TABLE `transactions`
  MODIFY `id` int(10) UNSIGNED NOT NULL AUTO_INCREMENT, AUTO_INCREMENT=51;

--
-- AUTO_INCREMENT for table `users`
--
ALTER TABLE `users`
  MODIFY `id` int(10) UNSIGNED NOT NULL AUTO_INCREMENT, AUTO_INCREMENT=13;
COMMIT;

/*!40101 SET CHARACTER_SET_CLIENT=@OLD_CHARACTER_SET_CLIENT */;
/*!40101 SET CHARACTER_SET_RESULTS=@OLD_CHARACTER_SET_RESULTS */;
/*!40101 SET COLLATION_CONNECTION=@OLD_COLLATION_CONNECTION */;
